date,day_index,day_of_week,deliveries,pickups,active_service_points,total_demand,pickup_share,delivery_share,month,month_name,is_sunday,is_zero_demand_day
2025-01-01,1,Wed,1259,2258,35,3517,0.6420244526585158,0.35797554734148423,1,January,False,False
2025-01-02,2,Thu,1372,2647,35,4019,0.6586215476486689,0.3413784523513312,1,January,False,False
2025-01-03,3,Fri,1428,2575,35,4003,0.6432675493379965,0.3567324506620035,1,January,False,False
2025-01-04,4,Sat,1054,1886,35,2940,0.6414965986394557,0.3585034013605442,1,January,False,False
2025-01-05,5,Sun,0,0,35,0,,,1,January,True,True
2025-01-06,6,Mon,1627,3076,35,4703,0.6540506059961727,0.34594939400382735,1,January,False,False
2025-01-07,7,Tue,1759,3230,35,4989,0.6474243335337743,0.3525756664662257,1,January,False,False
2025-01-08,8,Wed,1465,2584,35,4049,0.6381822672264756,0.3618177327735243,1,January,False,False
2025-01-09,9,Thu,1420,2540,35,3960,0.6414141414141414,0.35858585858585856,1,January,False,False
2025-01-10,10,Fri,1728,3094,35,4822,0.6416424720033181,0.35835752799668186,1,January,False,False
2025-01-11,11,Sat,1318,2424,35,3742,0.6477819347942276,0.3522180652057723,1,January,False,False
2025-01-12,12,Sun,0,0,35,0,,,1,January,True,True
2025-01-13,13,Mon,1562,2768,35,4330,0.6392609699769053,0.3607390300230947,1,January,False,False
2025-01-14,14,Tue,2170,3758,35,5928,0.6339406207827261,0.36605937921727394,1,January,False,False
2025-01-15,15,Wed,1569,2897,35,4466,0.648678907299597,0.35132109270040307,1,January,False,False
2025-01-16,16,Thu,1727,2976,35,4703,0.6327875823942165,0.36721241760578355,1,January,False,False
2025-01-17,17,Fri,1606,2909,35,4515,0.644296788482835,0.355703211517165,1,January,False,False
2025-01-18,18,Sat,1213,2191,35,3404,0.6436545240893067,0.3563454759106933,1,January,False,False
2025-01-19,19,Sun,0,0,35,0,,,1,January,True,True
2025-01-20,20,Mon,1791,3259,35,5050,0.6453465346534654,0.35465346534653464,1,January,False,False
2025-01-21,21,Tue,1725,3009,35,4734,0.6356147021546261,0.3643852978453739,1,January,False,False
2025-01-22,22,Wed,1452,2578,35,4030,0.6397022332506204,0.36029776674937963,1,January,False,False
2025-01-23,23,Thu,1561,2713,35,4274,0.6347683668694432,0.36523163313055684,1,January,False,False
2025-01-24,24,Fri,1670,2868,35,4538,0.6319964742177171,0.36800352578228296,1,January,False,False
2025-01-25,25,Sat,1144,2068,35,3212,0.6438356164383562,0.3561643835616438,1,January,False,False
2025-01-26,26,Sun,0,0,35,0,,,1,January,True,True
2025-01-27,27,Mon,1519,2768,35,4287,0.6456729647772335,0.3543270352227665,1,January,False,False
2025-01-28,28,Tue,2132,3885,35,6017,0.6456705999667608,0.35432940003323915,1,January,False,False
2025-01-29,29,Wed,1392,2613,35,4005,0.652434456928839,0.34756554307116105,1,January,False,False
2025-01-30,30,Thu,1503,2711,35,4214,0.6433317513051733,0.3566682486948268,1,January,False,False
2025-01-31,31,Fri,1458,2750,35,4208,0.6535171102661597,0.3464828897338403,1,January,False,False
2025-02-01,32,Sat,1221,2324,35,3545,0.655571227080395,0.34442877291960505,2,February,False,False
2025-02-02,33,Sun,0,0,35,0,,,2,February,True,True
2025-02-03,34,Mon,1614,2840,35,4454,0.6376290974405029,0.36237090255949705,2,February,False,False
2025-02-04,35,Tue,1921,3359,35,5280,0.6361742424242425,0.3638257575757576,2,February,False,False
2025-02-05,36,Wed,1500,2737,35,4237,0.6459759263629927,0.35402407363700733,2,February,False,False
2025-02-06,37,Thu,1451,2578,35,4029,0.6398610076942169,0.36013899230578306,2,February,False,False
2025-02-07,38,Fri,1333,2402,35,3735,0.6431057563587684,0.35689424364123157,2,February,False,False
2025-02-08,39,Sat,1321,2412,35,3733,0.64612911867131,0.35387088132869005,2,February,False,False
2025-02-09,40,Sun,0,0,35,0,,,2,February,True,True
2025-02-10,41,Mon,1408,2569,35,3977,0.6459642946944933,0.35403570530550665,2,February,False,False
2025-02-11,42,Tue,1833,3273,35,5106,0.6410105757931844,0.3589894242068155,2,February,False,False
2025-02-12,43,Wed,1303,2470,35,3773,0.6546514709780016,0.3453485290219984,2,February,False,False
2025-02-13,44,Thu,1551,2772,35,4323,0.6412213740458015,0.35877862595419846,2,February,False,False
2025-02-14,45,Fri,1679,2973,35,4652,0.6390799656061908,0.3609200343938091,2,February,False,False
2025-02-15,46,Sat,1274,2410,35,3684,0.6541802388707926,0.34581976112920737,2,February,False,False
2025-02-16,47,Sun,0,0,35,0,,,2,February,True,True
2025-02-17,48,Mon,1425,2497,35,3922,0.6366649668536462,0.3633350331463539,2,February,False,False
2025-02-18,49,Tue,1802,3456,35,5258,0.6572841384556866,0.34271586154431344,2,February,False,False
2025-02-19,50,Wed,1575,2844,35,4419,0.6435845213849287,0.3564154786150713,2,February,False,False
2025-02-20,51,Thu,1463,2648,35,4111,0.6441255169058623,0.35587448309413766,2,February,False,False
2025-02-21,52,Fri,1435,2481,35,3916,0.6335546475995915,0.3664453524004086,2,February,False,False
2025-02-22,53,Sat,1428,2593,35,4021,0.6448644615767222,0.3551355384232778,2,February,False,False
2025-02-23,54,Sun,0,0,35,0,,,2,February,True,True
2025-02-24,55,Mon,1560,2840,35,4400,0.6454545454545455,0.35454545454545455,2,February,False,False
2025-02-25,56,Tue,1894,3359,35,5253,0.6394441271654293,0.36055587283457075,2,February,False,False
2025-02-26,57,Wed,1215,2153,35,3368,0.6392517814726841,0.3607482185273159,2,February,False,False
2025-02-27,58,Thu,1578,2866,35,4444,0.6449144914491449,0.3550855085508551,2,February,False,False
2025-02-28,59,Fri,1742,3117,35,4859,0.6414900185223297,0.3585099814776703,2,February,False,False
2025-03-01,60,Sat,1343,2627,35,3970,0.6617128463476071,0.3382871536523929,3,March,False,False
2025-03-02,61,Sun,0,0,35,0,,,3,March,True,True
2025-03-03,62,Mon,1536,2817,35,4353,0.6471399035148173,0.35286009648518263,3,March,False,False
2025-03-04,63,Tue,2321,4147,35,6468,0.641156462585034,0.358843537414966,3,March,False,False
2025-03-05,64,Wed,1454,2790,35,4244,0.6573986804901036,0.3426013195098963,3,March,False,False
2025-03-06,65,Thu,1436,2566,35,4002,0.6411794102948526,0.3588205897051474,3,March,False,False
2025-03-07,66,Fri,1554,2976,35,4530,0.6569536423841059,0.343046357615894,3,March,False,False
2025-03-08,67,Sat,1350,2523,35,3873,0.65143299767622,0.34856700232378,3,March,False,False
2025-03-09,68,Sun,0,0,35,0,,,3,March,True,True
2025-03-10,69,Mon,1476,2585,35,4061,0.6365427234671264,0.3634572765328737,3,March,False,False
2025-03-11,70,Tue,1942,3589,35,5531,0.6488880853371903,0.3511119146628096,3,March,False,False
2025-03-12,71,Wed,1490,2483,35,3973,0.6249685376289957,0.37503146237100426,3,March,False,False
2025-03-13,72,Thu,1326,2426,35,3752,0.646588486140725,0.35341151385927505,3,March,False,False
2025-03-14,73,Fri,1354,2495,35,3849,0.6482203169654456,0.3517796830345544,3,March,False,False
2025-03-15,74,Sat,1305,2152,35,3457,0.6225050621926526,0.3774949378073474,3,March,False,False
2025-03-16,75,Sun,0,0,35,0,,,3,March,True,True
2025-03-17,76,Mon,1524,2834,35,4358,0.6502983019733822,0.3497016980266177,3,March,False,False
2025-03-18,77,Tue,1858,3214,35,5072,0.6336750788643533,0.3663249211356467,3,March,False,False
2025-03-19,78,Wed,1695,3002,35,4697,0.6391313604428358,0.36086863955716414,3,March,False,False
2025-03-20,79,Thu,1690,3132,35,4822,0.6495230194939859,0.3504769805060141,3,March,False,False
2025-03-21,80,Fri,1443,2494,35,3937,0.6334772669545339,0.36652273304546606,3,March,False,False
2025-03-22,81,Sat,1206,2268,35,3474,0.6528497409326425,0.3471502590673575,3,March,False,False
2025-03-23,82,Sun,0,0,35,0,,,3,March,True,True
2025-03-24,83,Mon,1724,2971,35,4695,0.632800851970181,0.36719914802981896,3,March,False,False
2025-03-25,84,Tue,1698,2949,35,4647,0.6346029696578438,0.3653970303421562,3,March,False,False
2025-03-26,85,Wed,1580,2980,35,4560,0.6535087719298246,0.34649122807017546,3,March,False,False
2025-03-27,86,Thu,1425,2497,35,3922,0.6366649668536462,0.3633350331463539,3,March,False,False
2025-03-28,87,Fri,1371,2618,35,3989,0.6563048383053397,0.3436951616946603,3,March,False,False
2025-03-29,88,Sat,1428,2613,35,4041,0.6466221232368226,0.35337787676317745,3,March,False,False
2025-03-30,89,Sun,0,0,35,0,,,3,March,True,True
2025-03-31,90,Mon,1706,3032,35,4738,0.639932460953989,0.36006753904601096,3,March,False,False
2025-04-01,91,Tue,2148,3793,35,5941,0.6384447062784043,0.36155529372159567,4,April,False,False
2025-04-02,92,Wed,1575,2796,35,4371,0.6396705559368565,0.36032944406314343,4,April,False,False
2025-04-03,93,Thu,1501,2648,35,4149,0.6382260785731502,0.36177392142684983,4,April,False,False
2025-04-04,94,Fri,1526,2855,35,4381,0.6516776991554439,0.348322300844556,4,April,False,False
2025-04-05,95,Sat,1323,2372,35,3695,0.6419485791610284,0.35805142083897157,4,April,False,False
2025-04-06,96,Sun,0,0,35,0,,,4,April,True,True
2025-04-07,97,Mon,1725,3330,35,5055,0.658753709198813,0.34124629080118696,4,April,False,False
2025-04-08,98,Tue,1724,3207,35,4931,0.6503751774487934,0.34962482255120664,4,April,False,False
2025-04-09,99,Wed,1386,2574,35,3960,0.65,0.35,4,April,False,False
2025-04-10,100,Thu,1374,2591,35,3965,0.653467843631778,0.34653215636822193,4,April,False,False
2025-04-11,101,Fri,1501,2737,35,4238,0.6458235016517225,0.35417649834827747,4,April,False,False
2025-04-12,102,Sat,1705,2900,35,4605,0.6297502714440825,0.3702497285559175,4,April,False,False
2025-04-13,103,Sun,0,0,35,0,,,4,April,True,True
2025-04-14,104,Mon,1497,2738,35,4235,0.6465171192443919,0.353482880755608,4,April,False,False
2025-04-15,105,Tue,1921,3450,35,5371,0.6423384844535468,0.3576615155464532,4,April,False,False
2025-04-16,106,Wed,1590,2900,35,4490,0.6458797327394209,0.35412026726057905,4,April,False,False
2025-04-17,107,Thu,1589,2992,35,4581,0.6531325038201267,0.3468674961798734,4,April,False,False
2025-04-18,108,Fri,1572,2720,35,4292,0.6337371854613234,0.3662628145386766,4,April,False,False
2025-04-19,109,Sat,1213,2212,35,3425,0.6458394160583941,0.3541605839416058,4,April,False,False
2025-04-20,110,Sun,0,0,35,0,,,4,April,True,True
2025-04-21,111,Mon,1776,3173,35,4949,0.6411396241664983,0.3588603758335017,4,April,False,False
2025-04-22,112,Tue,2098,3665,35,5763,0.635953496442825,0.3640465035571751,4,April,False,False
2025-04-23,113,Wed,1452,2804,35,4256,0.6588345864661654,0.34116541353383456,4,April,False,False
2025-04-24,114,Thu,1472,2625,35,4097,0.6407127166219185,0.3592872833780815,4,April,False,False
2025-04-25,115,Fri,1737,3169,35,4906,0.6459437423562984,0.3540562576437016,4,April,False,False
2025-04-26,116,Sat,1420,2533,35,3953,0.6407791550720972,0.35922084492790285,4,April,False,False
2025-04-27,117,Sun,0,0,35,0,,,4,April,True,True
2025-04-28,118,Mon,1618,2731,35,4349,0.6279604506783169,0.37203954932168315,4,April,False,False
2025-04-29,119,Tue,1833,3462,35,5295,0.6538243626062323,0.3461756373937677,4,April,False,False
2025-04-30,120,Wed,1486,2880,35,4366,0.6596426935409986,0.34035730645900136,4,April,False,False
2025-05-01,121,Thu,1459,2617,35,4076,0.6420510304219823,0.35794896957801764,5,May,False,False
2025-05-02,122,Fri,1459,2634,35,4093,0.6435377473735646,0.3564622526264354,5,May,False,False
2025-05-03,123,Sat,1345,2452,35,3797,0.6457729786673689,0.354227021332631,5,May,False,False
2025-05-04,124,Sun,0,0,35,0,,,5,May,True,True
2025-05-05,125,Mon,1599,2864,35,4463,0.6417208155948914,0.3582791844051087,5,May,False,False
2025-05-06,126,Tue,1998,3397,35,5395,0.6296570898980538,0.37034291010194625,5,May,False,False
2025-05-07,127,Wed,1676,2935,35,4611,0.6365213619605292,0.36347863803947084,5,May,False,False
2025-05-08,128,Thu,1535,2811,35,4346,0.6468016566958122,0.35319834330418776,5,May,False,False
2025-05-09,129,Fri,509,899,35,1408,0.6384943181818182,0.3615056818181818,5,May,False,False
2025-05-10,130,Sat,1339,2402,35,3741,0.6420743116813686,0.35792568831863136,5,May,False,False
2025-05-11,131,Sun,0,0,35,0,,,5,May,True,True
2025-05-12,132,Mon,1401,2555,35,3956,0.6458543983822043,0.35414560161779574,5,May,False,False
2025-05-13,133,Tue,1921,3473,35,5394,0.6438635520949203,0.3561364479050797,5,May,False,False
2025-05-14,134,Wed,1363,2382,35,3745,0.6360480640854472,0.3639519359145527,5,May,False,False
2025-05-15,135,Thu,1582,2909,35,4491,0.6477399242930305,0.3522600757069695,5,May,False,False
2025-05-16,136,Fri,1293,2239,35,3532,0.6339184597961495,0.36608154020385053,5,May,False,False
2025-05-17,137,Sat,1236,2146,35,3382,0.6345357776463632,0.3654642223536369,5,May,False,False
2025-05-18,138,Sun,0,0,35,0,,,5,May,True,True
2025-05-19,139,Mon,1693,2964,35,4657,0.6364612411423664,0.36353875885763365,5,May,False,False
2025-05-20,140,Tue,666,1119,35,1785,0.626890756302521,0.373109243697479,5,May,False,False
2025-05-21,141,Wed,1765,3290,35,5055,0.6508407517309595,0.34915924826904055,5,May,False,False
2025-05-22,142,Thu,1316,2459,35,3775,0.6513907284768212,0.34860927152317883,5,May,False,False
2025-05-23,143,Fri,1515,2710,35,4225,0.6414201183431952,0.3585798816568047,5,May,False,False
2025-05-24,144,Sat,1397,2503,35,3900,0.6417948717948718,0.35820512820512823,5,May,False,False
2025-05-25,145,Sun,0,0,35,0,,,5,May,True,True
2025-05-26,146,Mon,1526,2877,35,4403,0.6534181240063593,0.3465818759936407,5,May,False,False
2025-05-27,147,Tue,1750,3323,35,5073,0.6550364675734279,0.3449635324265721,5,May,False,False
2025-05-28,148,Wed,1491,2616,35,4107,0.6369612856099343,0.36303871439006574,5,May,False,False
2025-05-29,149,Thu,1627,2739,35,4366,0.6273476866697205,0.3726523133302794,5,May,False,False
2025-05-30,150,Fri,1659,2879,35,4538,0.6344204495372411,0.3655795504627589,5,May,False,False
2025-05-31,151,Sat,1349,2423,35,3772,0.6423647932131495,0.35763520678685046,5,May,False,False
2025-06-01,152,Sun,0,0,35,0,,,6,June,True,True
2025-06-02,153,Mon,1467,2602,35,4069,0.639469157041042,0.360530842958958,6,June,False,False
2025-06-03,154,Tue,2000,3747,35,5747,0.6519923438315643,0.3480076561684357,6,June,False,False
2025-06-04,155,Wed,1601,2862,35,4463,0.6412726865337217,0.3587273134662783,6,June,False,False
2025-06-05,156,Thu,1390,2573,35,3963,0.64925561443351,0.35074438556649,6,June,False,False
2025-06-06,157,Fri,1462,2587,35,4049,0.6389231909113361,0.36107680908866385,6,June,False,False
2025-06-07,158,Sat,1153,2151,35,3304,0.6510290556900726,0.34897094430992737,6,June,False,False
2025-06-08,159,Sun,0,0,35,0,,,6,June,True,True
2025-06-09,160,Mon,1383,2559,35,3942,0.6491628614916286,0.3508371385083714,6,June,False,False
2025-06-10,161,Tue,1715,3285,35,5000,0.657,0.343,6,June,False,False
2025-06-11,162,Wed,1645,2705,35,4350,0.6218390804597701,0.3781609195402299,6,June,False,False
2025-06-12,163,Thu,1310,2397,35,3707,0.6466145130833558,0.3533854869166442,6,June,False,False
2025-06-13,164,Fri,1675,3000,35,4675,0.6417112299465241,0.3582887700534759,6,June,False,False
2025-06-14,165,Sat,1405,2458,35,3863,0.6362930365001295,0.3637069634998706,6,June,False,False
2025-06-15,166,Sun,0,0,35,0,,,6,June,True,True
2025-06-16,167,Mon,1730,3016,35,4746,0.6354825115887063,0.3645174884112937,6,June,False,False
2025-06-17,168,Tue,1909,3466,35,5375,0.6448372093023256,0.3551627906976744,6,June,False,False
2025-06-18,169,Wed,1612,2863,35,4475,0.6397765363128491,0.36022346368715086,6,June,False,False
2025-06-19,170,Thu,1478,2626,35,4104,0.6398635477582846,0.3601364522417154,6,June,False,False
2025-06-20,171,Fri,1476,2685,35,4161,0.6452775775054074,0.3547224224945926,6,June,False,False
2025-06-21,172,Sat,1626,2757,35,4383,0.6290212183436003,0.37097878165639975,6,June,False,False
2025-06-22,173,Sun,0,0,35,0,,,6,June,True,True
2025-06-23,174,Mon,1433,2614,35,4047,0.6459105510254509,0.354089448974549,6,June,False,False
2025-06-24,175,Tue,1640,3020,35,4660,0.648068669527897,0.351931330472103,6,June,False,False
2025-06-25,176,Wed,1356,2497,35,3853,0.648066441733714,0.35193355826628603,6,June,False,False
2025-06-26,177,Thu,1487,2512,35,3999,0.6281570392598149,0.371842960740185,6,June,False,False
2025-06-27,178,Fri,1583,2956,35,4539,0.6512447675699493,0.3487552324300507,6,June,False,False
2025-06-28,179,Sat,1365,2430,35,3795,0.6403162055335968,0.35968379446640314,6,June,False,False
2025-06-29,180,Sun,0,0,35,0,,,6,June,True,True
2025-06-30,181,Mon,1548,2936,35,4484,0.6547725245316681,0.3452274754683318,6,June,False,False
2025-07-01,182,Tue,1845,3330,35,5175,0.6434782608695652,0.3565217391304348,7,July,False,False
2025-07-02,183,Wed,1279,2244,35,3523,0.6369571388021572,0.36304286119784274,7,July,False,False
2025-07-03,184,Thu,1708,3023,35,4731,0.6389769604734729,0.36102303952652715,7,July,False,False
2025-07-04,185,Fri,1279,2284,35,3563,0.6410328374964918,0.3589671625035083,7,July,False,False
2025-07-05,186,Sat,1181,2131,35,3312,0.6434178743961353,0.3565821256038647,7,July,False,False
2025-07-06,187,Sun,0,0,35,0,,,7,July,True,True
2025-07-07,188,Mon,1698,3259,35,4957,0.6574541053056284,0.3425458946943716,7,July,False,False
2025-07-08,189,Tue,1797,3386,35,5183,0.653289600617403,0.34671039938259696,7,July,False,False
2025-07-09,190,Wed,1496,2639,35,4135,0.6382103990326481,0.36178960096735185,7,July,False,False
2025-07-10,191,Thu,1587,2830,35,4417,0.6407063617840163,0.3592936382159837,7,July,False,False
2025-07-11,192,Fri,1505,2782,35,4287,0.648938651737812,0.351061348262188,7,July,False,False
2025-07-12,193,Sat,1533,2788,35,4321,0.6452210136542467,0.3547789863457533,7,July,False,False
2025-07-13,194,Sun,0,0,35,0,,,7,July,True,True
2025-07-14,195,Mon,1311,2548,35,3859,0.6602746825602488,0.3397253174397512,7,July,False,False
2025-07-15,196,Tue,1667,3142,35,4809,0.6533582865460594,0.3466417134539405,7,July,False,False
2025-07-16,197,Wed,1230,2145,35,3375,0.6355555555555555,0.36444444444444446,7,July,False,False
2025-07-17,198,Thu,1167,2052,35,3219,0.6374650512581547,0.3625349487418453,7,July,False,False
2025-07-18,199,Fri,1143,1998,35,3141,0.6361031518624641,0.3638968481375358,7,July,False,False
2025-07-19,200,Sat,1099,1890,35,2989,0.6323185011709602,0.36768149882903983,7,July,False,False
2025-07-20,201,Sun,0,0,35,0,,,7,July,True,True
2025-07-21,202,Mon,1230,2247,35,3477,0.6462467644521139,0.3537532355478861,7,July,False,False
2025-07-22,203,Tue,1602,2893,35,4495,0.6436040044493883,0.3563959955506118,7,July,False,False
2025-07-23,204,Wed,1009,1892,35,2901,0.6521889003791796,0.3478110996208204,7,July,False,False
2025-07-24,205,Thu,1139,1993,35,3132,0.6363346104725415,0.36366538952745847,7,July,False,False
2025-07-25,206,Fri,1228,2233,35,3461,0.6451892516613695,0.35481074833863047,7,July,False,False
2025-07-26,207,Sat,1018,1862,35,2880,0.6465277777777778,0.35347222222222224,7,July,False,False
2025-07-27,208,Sun,0,0,35,0,,,7,July,True,True
2025-07-28,209,Mon,1212,2173,35,3385,0.6419497784342688,0.3580502215657312,7,July,False,False
2025-07-29,210,Tue,1493,2686,35,4179,0.6427374970088537,0.3572625029911462,7,July,False,False
2025-07-30,211,Wed,1087,1859,35,2946,0.6310251188051595,0.36897488119484045,7,July,False,False
2025-07-31,212,Thu,1160,1974,35,3134,0.629865985960434,0.37013401403956603,7,July,False,False
2025-08-01,213,Fri,1155,2030,35,3185,0.6373626373626373,0.3626373626373626,8,August,False,False
2025-08-02,214,Sat,936,1733,35,2669,0.649306856500562,0.350693143499438,8,August,False,False
2025-08-03,215,Sun,0,0,35,0,,,8,August,True,True
2025-08-04,216,Mon,1342,2290,35,3632,0.6305066079295154,0.3694933920704846,8,August,False,False
2025-08-05,217,Tue,1598,2775,35,4373,0.6345758060827807,0.3654241939172193,8,August,False,False
2025-08-06,218,Wed,1269,2217,35,3486,0.6359724612736661,0.3640275387263339,8,August,False,False
2025-08-07,219,Thu,1270,2290,35,3560,0.6432584269662921,0.35674157303370785,8,August,False,False
2025-08-08,220,Fri,1216,2193,35,3409,0.6432971545907891,0.35670284540921093,8,August,False,False
2025-08-09,221,Sat,1169,2127,35,3296,0.6453276699029126,0.3546723300970874,8,August,False,False
2025-08-10,222,Sun,0,0,35,0,,,8,August,True,True
2025-08-11,223,Mon,1390,2477,35,3867,0.6405482286009827,0.35945177139901735,8,August,False,False
2025-08-12,224,Tue,1422,2573,35,3995,0.644055068836045,0.3559449311639549,8,August,False,False
2025-08-13,225,Wed,922,1720,35,2642,0.6510219530658592,0.3489780469341408,8,August,False,False
2025-08-14,226,Thu,1250,2268,35,3518,0.6446844798180784,0.35531552018192153,8,August,False,False
2025-08-15,227,Fri,988,1961,35,2949,0.6649711766700577,0.3350288233299423,8,August,False,False
2025-08-16,228,Sat,1149,1961,35,3110,0.6305466237942122,0.3694533762057878,8,August,False,False
2025-08-17,229,Sun,0,0,35,0,,,8,August,True,True
2025-08-18,230,Mon,1127,2045,35,3172,0.644703656998739,0.35529634300126106,8,August,False,False
2025-08-19,231,Tue,2070,3792,35,5862,0.646878198567042,0.353121801432958,8,August,False,False
2025-08-20,232,Wed,1461,2603,35,4064,0.640501968503937,0.359498031496063,8,August,False,False
2025-08-21,233,Thu,1722,3092,35,4814,0.6422933111757374,0.35770668882426254,8,August,False,False
2025-08-22,234,Fri,1574,2882,35,4456,0.6467684021543986,0.35323159784560143,8,August,False,False
2025-08-23,235,Sat,1392,2539,35,3931,0.6458916306283389,0.3541083693716612,8,August,False,False
2025-08-24,236,Sun,0,0,35,0,,,8,August,True,True
2025-08-25,237,Mon,1447,2699,35,4146,0.6509889049686445,0.3490110950313555,8,August,False,False
2025-08-26,238,Tue,2117,3727,35,5844,0.6377481177275839,0.36225188227241617,8,August,False,False
2025-08-27,239,Wed,1554,2834,35,4388,0.645852324521422,0.35414767547857795,8,August,False,False
2025-08-28,240,Thu,1597,2868,35,4465,0.6423292273236282,0.35767077267637176,8,August,False,False
2025-08-29,241,Fri,1363,2468,35,3831,0.6442182197859566,0.35578178021404333,8,August,False,False
2025-08-30,242,Sat,1182,2134,35,3316,0.643546441495778,0.35645355850422195,8,August,False,False
2025-08-31,243,Sun,0,0,35,0,,,8,August,True,True
2025-09-01,244,Mon,1429,2716,35,4145,0.6552472858866104,0.34475271411338965,9,September,False,False
2025-09-02,245,Tue,1623,2935,35,4558,0.6439227731461167,0.35607722685388327,9,September,False,False
2025-09-03,246,Wed,1603,2910,35,4513,0.6448038998448925,0.35519610015510744,9,September,False,False
2025-09-04,247,Thu,1377,2444,35,3821,0.639623135304894,0.360376864695106,9,September,False,False
2025-09-05,248,Fri,1737,3127,35,4864,0.6428865131578947,0.35711348684210525,9,September,False,False
2025-09-06,249,Sat,1447,2400,35,3847,0.6238627501949571,0.3761372498050429,9,September,False,False
2025-09-07,250,Sun,0,0,35,0,,,9,September,True,True
2025-09-08,251,Mon,1784,3181,35,4965,0.6406847935548842,0.35931520644511583,9,September,False,False
2025-09-09,252,Tue,1596,2989,35,4585,0.6519083969465649,0.3480916030534351,9,September,False,False
2025-09-10,253,Wed,1776,3096,35,4872,0.6354679802955665,0.3645320197044335,9,September,False,False
2025-09-11,254,Thu,1389,2475,35,3864,0.640527950310559,0.359472049689441,9,September,False,False
2025-09-12,255,Fri,1548,2795,35,4343,0.6435643564356436,0.3564356435643564,9,September,False,False
2025-09-13,256,Sat,1321,2296,35,3617,0.6347802045894387,0.36521979541056127,9,September,False,False
2025-09-14,257,Sun,0,0,35,0,,,9,September,True,True
2025-09-15,258,Mon,1720,3004,35,4724,0.6359017781541066,0.3640982218458933,9,September,False,False
2025-09-16,259,Tue,1788,3133,35,4921,0.636659215606584,0.363340784393416,9,September,False,False
2025-09-17,260,Wed,1624,2909,35,4533,0.6417383631149349,0.35826163688506507,9,September,False,False
2025-09-18,261,Thu,1424,2632,35,4056,0.6489151873767258,0.3510848126232742,9,September,False,False
2025-09-19,262,Fri,1628,3012,35,4640,0.6491379310344828,0.35086206896551725,9,September,False,False
2025-09-20,263,Sat,1325,2415,35,3740,0.6457219251336899,0.35427807486631013,9,September,False,False
2025-09-21,264,Sun,0,0,35,0,,,9,September,True,True
2025-09-22,265,Mon,1453,2539,35,3992,0.6360220440881763,0.36397795591182364,9,September,False,False
2025-09-23,266,Tue,2037,3538,35,5575,0.6346188340807175,0.3653811659192825,9,September,False,False
2025-09-24,267,Wed,1615,2951,35,4566,0.6462987297415681,0.3537012702584319,9,September,False,False
2025-09-25,268,Thu,1279,2486,35,3765,0.6602921646746348,0.3397078353253652,9,September,False,False
2025-09-26,269,Fri,1456,2812,35,4268,0.6588566073102156,0.34114339268978444,9,September,False,False
2025-09-27,270,Sat,1321,2358,35,3679,0.640935036694754,0.359064963305246,9,September,False,False
2025-09-28,271,Sun,0,0,35,0,,,9,September,True,True
2025-09-29,272,Mon,1673,2964,35,4637,0.6392063834375674,0.3607936165624326,9,September,False,False
2025-09-30,273,Tue,2297,4115,35,6412,0.6417654398003743,0.3582345601996257,9,September,False,False
2025-10-01,274,Wed,1409,2545,35,3954,0.6436519979767324,0.35634800202326755,10,October,False,False
2025-10-02,275,Thu,1462,2749,35,4211,0.6528140584184279,0.34718594158157207,10,October,False,False
2025-10-03,276,Fri,1597,2939,35,4536,0.6479276895943563,0.35207231040564374,10,October,False,False
2025-10-04,277,Sat,1270,2237,35,3507,0.637867122897063,0.36213287710293696,10,October,False,False
2025-10-05,278,Sun,0,0,35,0,,,10,October,True,True
2025-10-06,279,Mon,1759,3189,35,4948,0.6445028294260308,0.3554971705739693,10,October,False,False
2025-10-07,280,Tue,1670,2980,35,4650,0.6408602150537634,0.35913978494623655,10,October,False,False
2025-10-08,281,Wed,1537,2878,35,4415,0.6518686296715742,0.34813137032842584,10,October,False,False
2025-10-09,282,Thu,1479,2793,35,4272,0.6537921348314607,0.34620786516853935,10,October,False,False
2025-10-10,283,Fri,1594,2833,35,4427,0.6399367517506211,0.3600632482493788,10,October,False,False
2025-10-11,284,Sat,1098,2048,35,3146,0.6509853782581055,0.34901462174189446,10,October,False,False
2025-10-12,285,Sun,0,0,35,0,,,10,October,True,True
2025-10-13,286,Mon,1494,2712,35,4206,0.644793152639087,0.35520684736091296,10,October,False,False
2025-10-14,287,Tue,1722,3173,35,4895,0.6482124616956078,0.35178753830439224,10,October,False,False
2025-10-15,288,Wed,1431,2533,35,3964,0.6390010090817356,0.3609989909182644,10,October,False,False
2025-10-16,289,Thu,1456,2655,35,4111,0.6458282656288008,0.3541717343711992,10,October,False,False
2025-10-17,290,Fri,1388,2499,35,3887,0.6429122716748135,0.35708772832518654,10,October,False,False
2025-10-18,291,Sat,1462,2782,35,4244,0.6555136663524976,0.34448633364750236,10,October,False,False
2025-10-19,292,Sun,0,0,35,0,,,10,October,True,True
2025-10-20,293,Mon,1597,2829,35,4426,0.6391775869859919,0.36082241301400814,10,October,False,False
2025-10-21,294,Tue,1927,3526,35,5453,0.6466165413533834,0.3533834586466165,10,October,False,False
2025-10-22,295,Wed,1607,2792,35,4399,0.6346897022050466,0.3653102977949534,10,October,False,False
2025-10-23,296,Thu,1510,2677,35,4187,0.6393599235729639,0.36064007642703605,10,October,False,False
2025-10-24,297,Fri,1425,2463,35,3888,0.6334876543209876,0.36651234567901236,10,October,False,False
2025-10-25,298,Sat,1251,2316,35,3567,0.6492851135407905,0.3507148864592094,10,October,False,False
2025-10-26,299,Sun,0,0,35,0,,,10,October,True,True
2025-10-27,300,Mon,1679,3075,35,4754,0.6468237273874632,0.3531762726125368,10,October,False,False
2025-10-28,301,Tue,2007,3497,35,5504,0.6353561046511628,0.36464389534883723,10,October,False,False
2025-10-29,302,Wed,1543,2918,35,4461,0.6541134274826272,0.34588657251737276,10,October,False,False
2025-10-30,303,Thu,1330,2442,35,3772,0.6474019088016967,0.35259809119830327,10,October,False,False
2025-10-31,304,Fri,1666,2958,35,4624,0.6397058823529411,0.3602941176470588,10,October,False,False
2025-11-01,305,Sat,1337,2589,35,3926,0.6594498217014774,0.3405501782985227,11,November,False,False
2025-11-02,306,Sun,0,0,35,0,,,11,November,True,True
2025-11-03,307,Mon,1418,2728,35,4146,0.6579835986493006,0.3420164013506995,11,November,False,False
2025-11-04,308,Tue,2188,3830,35,6018,0.6364240611498837,0.3635759388501163,11,November,False,False
2025-11-05,309,Wed,1380,2337,35,3717,0.6287328490718321,0.37126715092816787,11,November,False,False
2025-11-06,310,Thu,1445,2726,35,4171,0.6535602972908175,0.34643970270918245,11,November,False,False
2025-11-07,311,Fri,1752,3168,35,4920,0.6439024390243903,0.35609756097560974,11,November,False,False
2025-11-08,312,Sat,1311,2334,35,3645,0.6403292181069958,0.3596707818930041,11,November,False,False
2025-11-09,313,Sun,0,0,35,0,,,11,November,True,True
2025-11-10,314,Mon,1563,2979,35,4542,0.6558784676354029,0.3441215323645971,11,November,False,False
2025-11-11,315,Tue,2053,3516,35,5569,0.6313521278506016,0.3686478721493985,11,November,False,False
2025-11-12,316,Wed,1330,2460,35,3790,0.6490765171503958,0.35092348284960423,11,November,False,False
2025-11-13,317,Thu,1386,2533,35,3919,0.6463383516203113,0.3536616483796887,11,November,False,False
2025-11-14,318,Fri,1519,2685,35,4204,0.6386774500475737,0.36132254995242624,11,November,False,False
2025-11-15,319,Sat,1333,2252,35,3585,0.6281729428172943,0.3718270571827057,11,November,False,False
2025-11-16,320,Sun,0,0,35,0,,,11,November,True,True
2025-11-17,321,Mon,1586,2761,35,4347,0.6351506786289395,0.3648493213710605,11,November,False,False
2025-11-18,322,Tue,2526,4577,35,7103,0.644375615936928,0.35562438406307195,11,November,False,False
2025-11-19,323,Wed,1548,2674,35,4222,0.6333491236380863,0.3666508763619138,11,November,False,False
2025-11-20,324,Thu,1602,2815,35,4417,0.6373103916685533,0.3626896083314467,11,November,False,False
2025-11-21,325,Fri,1471,2603,35,4074,0.6389297987236131,0.36107020127638684,11,November,False,False
2025-11-22,326,Sat,1287,2542,35,3829,0.6638809088534865,0.33611909114651345,11,November,False,False
2025-11-23,327,Sun,0,0,35,0,,,11,November,True,True
2025-11-24,328,Mon,1520,2857,35,4377,0.6527301804889194,0.34726981951108066,11,November,False,False
2025-11-25,329,Tue,2036,3484,35,5520,0.631159420289855,0.36884057971014494,11,November,False,False
2025-11-26,330,Wed,1454,2407,35,3861,0.6234136234136234,0.37658637658637656,11,November,False,False
2025-11-27,331,Thu,1580,2806,35,4386,0.6397628818969449,0.3602371181030552,11,November,False,False
2025-11-28,332,Fri,1453,2648,35,4101,0.6456961716654475,0.35430382833455254,11,November,False,False
2025-11-29,333,Sat,2291,4013,35,6304,0.6365799492385786,0.3634200507614213,11,November,False,False
2025-11-30,334,Sun,0,0,35,0,,,11,November,True,True
2025-12-01,335,Mon,1667,2865,35,4532,0.632171226831421,0.367828773168579,12,December,False,False
2025-12-02,336,Tue,2989,5270,35,8259,0.638091778665698,0.36190822133430195,12,December,False,False
2025-12-03,337,Wed,2563,4653,35,7216,0.6448170731707317,0.3551829268292683,12,December,False,False
2025-12-04,338,Thu,2324,4147,35,6471,0.6408592180497604,0.3591407819502395,12,December,False,False
2025-12-05,339,Fri,2450,4427,35,6877,0.6437400029082448,0.3562599970917551,12,December,False,False
2025-12-06,340,Sat,1795,3203,35,4998,0.6408563425370148,0.3591436574629852,12,December,False,False
2025-12-07,341,Sun,0,0,35,0,,,12,December,True,True
2025-12-08,342,Mon,1725,3156,35,4881,0.6465888137676705,0.3534111862323294,12,December,False,False
2025-12-09,343,Tue,1674,3126,35,4800,0.65125,0.34875,12,December,False,False
2025-12-10,344,Wed,1946,3416,35,5362,0.6370757180156658,0.3629242819843342,12,December,False,False
2025-12-11,345,Thu,1970,3447,35,5417,0.6363300719955695,0.3636699280044305,12,December,False,False
2025-12-12,346,Fri,2094,3787,35,5881,0.6439381057643258,0.3560618942356742,12,December,False,False
2025-12-13,347,Sat,1897,3342,35,5239,0.6379079977094866,0.36209200229051347,12,December,False,False
2025-12-14,348,Sun,0,0,35,0,,,12,December,True,True
2025-12-15,349,Mon,1926,3303,35,5229,0.6316695352839932,0.3683304647160069,12,December,False,False
2025-12-16,350,Tue,1803,3235,35,5038,0.6421198888447797,0.35788011115522034,12,December,False,False
2025-12-17,351,Wed,1900,3376,35,5276,0.6398786959818044,0.3601213040181956,12,December,False,False
2025-12-18,352,Thu,1841,3297,35,5138,0.6416893732970027,0.3583106267029973,12,December,False,False
2025-12-19,353,Fri,2027,3581,35,5608,0.6385520684736091,0.3614479315263909,12,December,False,False
2025-12-20,354,Sat,2090,3815,35,5905,0.6460626587637596,0.3539373412362405,12,December,False,False
2025-12-21,355,Sun,0,0,35,0,,,12,December,True,True
2025-12-22,356,Mon,2247,4323,35,6570,0.6579908675799087,0.34200913242009134,12,December,False,False
2025-12-23,357,Tue,2135,3785,35,5920,0.6393581081081081,0.3606418918918919,12,December,False,False
2025-12-24,358,Wed,2024,3682,35,5706,0.645285664213109,0.354714335786891,12,December,False,False
2025-12-25,359,Thu,0,0,35,0,,,12,December,False,True
2025-12-26,360,Fri,0,0,35,0,,,12,December,False,True
2025-12-27,361,Sat,1336,2396,35,3732,0.6420150053590568,0.3579849946409432,12,December,False,False
2025-12-28,362,Sun,0,0,35,0,,,12,December,True,True
2025-12-29,363,Mon,1500,2570,35,4070,0.6314496314496314,0.36855036855036855,12,December,False,False
2025-12-30,364,Tue,2007,3616,35,5623,0.6430730926551663,0.35692690734483373,12,December,False,False
2025-12-31,365,Wed,1053,1851,35,2904,0.637396694214876,0.36260330578512395,12,December,False,False
