"CBS_square","x","y","Population","nearest_SP_straightline","dist_straightline_km","nearest_SP_network","dist_network_km","detour_factor"
"E1725N3160",3676.249942,33402.28,NA,4356,10.2633745868993,4356,1.224200335252,0.119278539907783
"E1725N3170",3676.249942,42640.61,175,2075,12.0687320787216,2075,0.887691584161,0.0735530110678397
"E1725N3180",3676.249942,51878.94,NA,7422,7.36385448640391,4356,4.07822780251,0.553817000327715
"E1725N3185",3676.249942,56498.105,NA,7422,8.33790237855757,4356,3.607992539052,0.432721849602198
"E1725N3190",3676.249942,61117.27,NA,7422,11.2910694730938,4356,4.005451455702,0.35474508993562
"E1725N3195",3676.249942,65736.435,NA,6908,12.4002470430889,4356,5.41500684151,0.436685400112892
"E1730N3150",10871.16661,24163.95,NA,4356,7.12555599738427,4356,1.244444332417,0.174645225281203
"E1730N3155",10871.16661,28783.115,NA,4356,3.35650566401785,4356,0.3479559742,0.103666136461538
"E1730N3160",10871.16661,33402.28,435,4356,3.79895812924529,1379,0.61298185252,0.161355253642076
"E1730N3165",10871.16661,38021.445,1815,1379,5.64387042127155,1379,0.63117303791,0.111833368025448
"E1730N3170",10871.16661,42640.61,1975,2075,4.95722083824383,2075,0.529234782394,0.106760380395215
"E1730N3175",10871.16661,47259.775,140,7422,5.27507869870999,2075,0.65810162893,0.124756741371638
"E1730N3180",10871.16661,51878.94,NA,7422,0.668840683989012,7422,0.121896871013,0.182250981333849
"E1730N3185",10871.16661,56498.105,90,7422,3.96756991595409,6908,1.09868012779,0.276915127159341
"E1730N3190",10871.16661,61117.27,1050,6908,4.96040514083869,6908,0.48425028952,0.097623132742364
"E1730N3200",10871.16661,70355.6,NA,6908,9.20826466433057,4356,6.31880647417,0.68621034521811
"E1730N3205",10871.16661,74974.765,NA,6908,13.3751805035889,4356,6.58244537981,0.492138807251519
"E1735N3145",18066.08328,19544.785,NA,4356,12.0657869017798,4356,1.97548070294,0.163725807443906
"E1735N3150",18066.08328,24163.95,NA,4356,7.96256396931513,4356,1.15638351704,0.145227532425019
"E1735N3155",18066.08328,28783.115,630,4356,4.88825193358122,4356,0.565817925706,0.115750565517901
"E1735N3160",18066.08328,33402.28,650,1379,4.85325509116259,4356,0.59397132986,0.122386175608527
"E1735N3165",18066.08328,38021.445,1895,1379,1.55121801804922,1379,0.155907074,0.100506229418393
"E1735N3170",18066.08328,42640.61,1480,2075,2.65093089663151,2075,0.38955483529,0.146950203713345
"E1735N3175",18066.08328,47259.775,855,4354,1.79557725477924,4354,0.29073500606,0.161917291659915
"E1735N3180",18066.08328,51878.94,810,4354,3.72299855101443,7422,0.991351984006,0.266277832349916
"E1735N3185",18066.08328,56498.105,295,5706,5.84902118323062,7422,1.748967279846,0.299018797343453
"E1735N3190",18066.08328,61117.27,1860,6908,2.7812474733176,6908,0.36161629138,0.130019458839686
"E1735N3195",18066.08328,65736.435,480,6908,4.06102347865172,6908,0.48364320062,0.119093918851356
"E1735N3205",18066.08328,74974.765,NA,6908,12.7289108666123,3343,5.457289071776,0.428731816018162
"E1740N3140",25260.99994,14925.62,NA,4356,19.6621438552361,4356,2.33957940858,0.118989029162095
"E1740N3155",25260.99994,28783.115,305,4356,11.8345906225279,4356,1.367166274702,0.11552290385943
"E1740N3160",25260.99994,33402.28,705,1379,9.88133293583816,4356,1.26161807381,0.127676911809569
"E1740N3165",25260.99994,38021.445,845,1379,8.74602383649307,1379,0.96387240568,0.11020692645019
"E1740N3170",25260.99994,42640.61,1355,1739,9.48351330014252,2075,1.10842113257,0.116878744985083
"E1740N3175",25260.99994,47259.775,835,4354,8.64493916245713,4354,0.910625305603,0.105336230653609
"E1740N3180",25260.99994,51878.94,745,4354,9.23967497564498,8282,1.110225961813,0.120158551544233
"E1740N3185",25260.99994,56498.105,1595,5706,6.18333291807784,5706,0.7202800311,0.116487344389004
"E1740N3190",25260.99994,61117.27,1790,5706,3.8820388570518,5706,0.46659472403,0.120193213208678
"E1740N3195",25260.99994,65736.435,845,3513,5.85228379962771,3513,0.85489692487,0.14607919816267
"E1745N3140",32455.91661,14925.62,NA,1258,23.2113084014089,1258,2.718624531679,0.117125001514951
"E1745N3145",32455.91661,19544.785,15,1258,18.9586984391635,1258,1.917993857169,0.101166958445151
"E1745N3150",32455.91661,24163.95,10,1258,14.925582933454,1258,1.832880050999,0.122801237256255
"E1745N3155",32455.91661,28783.115,10,1258,11.3484437652983,1258,1.6942603283,0.149294507981858
"E1745N3160",32455.91661,33402.28,120,1739,7.94433143879798,1258,0.97179907279,0.122326098838726
"E1745N3165",32455.91661,38021.445,1135,1739,3.71566474928765,1739,0.895830850012,0.241095715156687
"E1745N3170",32455.91661,42640.61,3090,1739,2.67830126071992,1739,0.30554677181,0.114082301453971
"E1745N3175",32455.91661,47259.775,890,8282,2.93219013268903,8282,0.36553424849,0.124662532765152
"E1745N3180",32455.91661,51878.94,1460,8282,4.27584044571519,8282,0.58311103476,0.13637343164765
"E1745N3185",32455.91661,56498.105,1255,3343,5.70112994499502,3343,0.6571654265,0.11526932956105
"E1745N3190",32455.91661,61117.27,1245,3513,2.71888548210363,3513,0.27682570412,0.101815874902468
"E1745N3195",32455.91661,65736.435,125,3513,4.17196899929984,3343,0.88435922845,0.211976462097014
"E1745N3200",32455.91661,70355.6,45,3513,8.37207757918511,3343,0.88435922845,0.105631991591755
"E1745N3210",32455.91661,79593.93,NA,3513,17.4208068153227,3343,3.930578694526,0.225625525625415
"E1750N3135",39650.83327,10306.455,NA,1258,26.359036572869,1258,3.431290071378,0.13017509429422
"E1750N3140",39650.83327,14925.62,NA,1258,21.7438002027525,4387,3.199566460649,0.147148448330756
"E1750N3145",39650.83327,19544.785,5,1258,17.130681716121,4387,2.662653098049,0.155431823565041
"E1750N3150",39650.83327,24163.95,15,1258,12.5220220194391,4387,2.043403943449,0.163184822728855
"E1750N3155",39650.83327,28783.115,NA,1258,7.92560315976291,4387,1.915912107415,0.241737072724231
"E1750N3160",39650.83327,33402.28,150,1258,3.39156395063087,1258,0.324373696149,0.095641332692153
"E1750N3165",39650.83327,38021.445,765,1258,1.69221665600002,1258,0.27480131702,0.162391332129754
"E1750N3170",39650.83327,42640.61,2395,1739,5.28613492525862,4440,0.542830768872,0.102689540949514
"E1750N3175",39650.83327,47259.775,2685,8282,4.71947835595672,8282,0.60697575987,0.128610773074931
"E1750N3180",39650.83327,51878.94,890,8282,5.65318923222272,8282,0.73903067548,0.13072809791464
"E1750N3185",39650.83327,56498.105,920,3343,4.97949066816114,3343,0.641066198771,0.128741319442564
"E1750N3190",39650.83327,61117.27,655,3343,3.13911782610639,3343,0.25075455823,0.0798805817814822
"E1750N3195",39650.83327,65736.435,55,3343,6.13075564123248,3343,0.667562215776,0.108887428376088
"E1750N3200",39650.83327,70355.6,NA,3343,10.3919025848628,3343,1.054854334566,0.101507334768759
"E1750N3205",39650.83327,74974.765,15,3343,14.8684392095641,3343,1.632742577956,0.109812641054196
"E1750N3210",39650.83327,79593.93,60,3921,16.4902277901907,3343,2.219903192776,0.134619316423059
"E1750N3215",39650.83327,84213.095,NA,3921,17.9254137859215,3343,2.446707654197,0.136493789399642
"E1755N3135",46845.74994,10306.455,NA,1026,25.1361407906105,1258,4.229948856898,0.168281554918648
"E1755N3155",46845.74994,28783.115,80,1258,10.0188246122385,4387,1.560155145219,0.15572237319268
"E1755N3160",46845.74994,33402.28,255,1258,7.00459614795671,4387,1.081060915865,0.154335937865647
"E1755N3165",46845.74994,38021.445,800,1934,5.21949298726562,1934,0.880844566526,0.168760561356258
"E1755N3170",46845.74994,42640.61,1200,1934,2.11880964416108,4440,0.350476720694,0.165412084875028
"E1755N3175",46845.74994,47259.775,2705,4440,3.26380980848379,4440,0.424656822457,0.130110774639247
"E1755N3180",46845.74994,51878.94,1290,5499,4.9228757278414,5499,0.727033962559,0.147684809195416
"E1755N3185",46845.74994,56498.105,5,5499,5.30540724630966,5499,1.129715383745,0.212936600584396
"E1755N3190",46845.74994,61117.27,15,5499,8.64484570487351,3155,1.030048094762,0.119151703792852
"E1755N3195",46845.74994,65736.435,20,3155,11.4188308828056,3155,1.41071866103,0.123543178413672
"E1755N3200",46845.74994,70355.6,35,3921,10.9405684771903,3155,2.001531501163,0.1829458410078
"E1755N3205",46845.74994,74974.765,65,3921,9.15107339274006,3155,2.089439134603,0.228327218560026
"E1755N3210",46845.74994,79593.93,355,3921,9.51113139794577,3921,0.90625839972,0.095283974303597
"E1755N3215",46845.74994,84213.095,NA,3921,11.8260080878171,3343,2.998109287466,0.253518284885548
"E1755N3220",46845.74994,88832.26,NA,3921,15.2289423372633,3343,3.430298158166,0.225248614263415
"E1760N3130",54040.66661,5687.29,NA,6767,25.5329344690086,1026,3.352209240324,0.131289619075819
"E1760N3135",54040.66661,10306.455,NA,6767,21.5823004304827,1026,3.014923919354,0.139694279998797
"E1760N3140",54040.66661,14925.62,NA,6767,17.9536629059083,1026,2.54770110271,0.141904251854455
"E1760N3145",54040.66661,19544.785,NA,1026,14.0751224307369,1026,2.39745355077,0.170332696043517
"E1760N3150",54040.66661,24163.95,5,1026,9.60615209365898,1026,1.601003954496,0.166664439505681
"E1760N3155",54040.66661,28783.115,NA,1026,5.39635203144067,1026,0.7756323756,0.14373272371427
"E1760N3160",54040.66661,33402.28,390,1026,2.93878257828116,1026,0.37935131478,0.129084511928023
"E1760N3165",54040.66661,38021.445,1570,4387,2.16060527161115,4387,0.2602947832,0.120473085306276
"E1760N3170",54040.66661,42640.61,1155,4387,2.96458502556241,4387,0.829783512743,0.279898706088074
"E1760N3175",54040.66661,47259.775,1885,1934,6.76509289557903,4440,1.021759049598,0.151034001360974
"E1760N3180",54040.66661,51878.94,2590,5499,3.25074772957067,5499,0.650350546803,0.200061832201569
"E1760N3185",54040.66661,56498.105,385,3155,1.93152844204114,5499,1.756589195885,0.909429629743751
"E1760N3190",54040.66661,61117.27,1150,3155,3.33860661568399,3155,0.524138632015,0.156993228717849
"E1760N3195",54040.66661,65736.435,145,3155,7.82528956273273,3155,0.910552037003,0.116360171684819
"E1760N3200",54040.66661,70355.6,30,3921,6.46248390924022,3921,0.6901145481,0.106787816850616
"E1760N3205",54040.66661,74974.765,805,3921,2.4103534828763,3921,0.22608444067,0.0937972136768137
"E1760N3210",54040.66661,79593.93,450,3921,3.5396723212875,3921,0.45252943076,0.127845006453987
"E1765N3135",61235.58327,10306.455,15,6767,18.5135092572443,1026,2.635963031624,0.142380517653214
"E1765N3140",61235.58327,14925.62,NA,6767,14.1169523936806,1026,2.301885349271,0.163058235593501
"E1765N3145",61235.58327,19544.785,NA,6767,9.92471840140912,1026,1.83747380117,0.185141152308071
"E1765N3150",61235.58327,24163.95,75,6767,6.35492693927663,1026,1.53827791956,0.242060677370289
"E1765N3155",61235.58327,28783.115,90,6767,4.99434961273927,1026,0.59719221992,0.11957357138089
"E1765N3160",61235.58327,33402.28,520,1026,4.25858320329472,1026,1.01185568699,0.237603831764321
"E1765N3165",61235.58327,38021.445,965,1026,6.35017553214153,4387,1.03155158986,0.162444578837039
"E1765N3170",61235.58327,42640.61,450,4987,6.45592268460085,4387,0.84152274452,0.130348950201536
"E1765N3175",61235.58327,47259.775,1615,4431,5.61054502036913,4431,0.686285784227,0.122320698209431
"E1765N3180",61235.58327,51878.94,765,4431,6.23919963685759,4431,1.653778961834,0.265062677601215
"E1765N3185",61235.58327,56498.105,35,3155,6.1733225891467,3155,0.901768728046,0.146075102187499
"E1765N3190",61235.58327,61117.27,140,3155,6.74725157390355,3155,1.042628035456,0.15452633180132
"E1765N3195",61235.58327,65736.435,5,7859,9.03348651218282,3921,1.847552100085,0.20452259463645
"E1765N3200",61235.58327,70355.6,NA,3921,8.20761899817748,3921,1.12794420716,0.137426482322153
"E1765N3205",61235.58327,74974.765,55,3921,5.6045620038027,3921,0.488422753662,0.0871473548388982
"E1765N3210",61235.58327,79593.93,NA,3921,6.1749972861649,3921,0.634748166362,0.102793270498135
"E1765N3215",61235.58327,84213.095,5,3921,9.35539621332357,3921,1.041411722862,0.111316688156816
"E1770N3125",68430.49994,1068.125,NA,6767,27.1694954267952,6767,3.061998847277,0.112699879006851
"E1770N3145",68430.49994,19544.785,340,6767,8.88752046564423,6767,1.19168904229,0.134085659425102
"E1770N3150",68430.49994,24163.95,555,6767,4.56870671892167,6767,0.51094817168,0.111836500593016
"E1770N3155",68430.49994,28783.115,705,6767,2.3305606051431,753,0.71068214187,0.304940425192831
"E1770N3160",68430.49994,33402.28,750,6767,5.71518284741792,6767,0.69795629219,0.122123178002141
"E1770N3165",68430.49994,38021.445,235,4987,6.12525842963748,4987,0.803154587186,0.131121747173945
"E1770N3170",68430.49994,42640.61,2785,4987,1.69839504059568,4987,0.204247427896,0.120259081670637
"E1770N3175",68430.49994,47259.775,2235,4431,2.33709123396691,4431,0.235470954364,0.100753856307235
"E1770N3180",68430.49994,51878.94,1510,4431,3.59324256332077,4431,0.62590546787,0.174189595286202
"E1770N3185",68430.49994,56498.105,70,7859,7.68758808869758,7859,1.181033291646,0.153628586498069
"E1770N3190",68430.49994,61117.27,305,7859,3.33350230588791,7859,0.3265015314,0.097945494389881
"E1770N3195",68430.49994,65736.435,545,7859,2.40807707926574,7859,0.26773274262,0.111181134908537
"E1770N3200",68430.49994,70355.6,NA,7859,6.56953601180937,7859,0.94974551009,0.144568126026365
"E1770N3205",68430.49994,74974.765,NA,7859,11.0991955652509,7859,1.4042809107,0.12652096293325
"E1775N3125",75625.41661,1068.125,NA,284,22.5761461874676,6767,2.926738423612,0.129638530832896
"E1775N3130",75625.41661,5687.29,NA,284,21.4455774171829,6767,2.63576886256,0.122905007931758
"E1775N3135",75625.41661,10306.455,NA,753,18.3611019728095,6767,2.07359996103,0.112934395991087
"E1775N3140",75625.41661,14925.62,95,753,13.7427964375262,753,1.83037155259,0.133187707531778
"E1775N3145",75625.41661,19544.785,1000,753,9.12536096738693,753,1.43329440616,0.157067146306041
"E1775N3150",75625.41661,24163.95,1210,753,4.51146785884416,753,0.5949164611,0.131867604893547
"E1775N3155",75625.41661,28783.115,805,753,0.328393501928544,753,0,0
"E1775N3160",75625.41661,33402.28,845,753,4.74717947177941,753,0.962819866193,0.202819352400026
"E1775N3165",75625.41661,38021.445,850,7229,8.39868630858237,753,1.373767404725,0.163569319563845
"E1775N3170",75625.41661,42640.61,2275,7229,3.99129266454414,7229,0.639826027088,0.160305465137089
"E1775N3175",75625.41661,47259.775,1355,7229,1.99906807101932,7229,0.60900014893,0.304642026831769
"E1775N3180",75625.41661,51878.94,1325,7229,5.89368303911433,7229,0.767852506238,0.130283983909896
"E1775N3185",75625.41661,56498.105,1210,7859,9.31813388248252,7229,1.161650511958,0.124665574310091
"E1775N3190",75625.41661,61117.27,1225,7859,6.23224245787533,7859,0.84277789095,0.135228675175342
"E1775N3195",75625.41661,65736.435,955,7859,5.7902887363299,7859,0.7452872882,0.128713320205236
"E1775N3200",75625.41661,70355.6,20,7859,8.41946624441502,7859,0.824981500745,0.0979850119705919
"E1775N3205",75625.41661,74974.765,NA,7859,12.2849806929465,7859,1.15705021588,0.0941841297759894
"E1775N3210",75625.41661,79593.93,NA,7859,16.5416885475983,7859,2.17767740767,0.131647830353219
"E1775N3215",75625.41661,84213.095,NA,7859,20.9525067707869,7859,2.43795734688,0.116356356475643
"E1780N3125",82820.33327,1068.125,NA,284,16.0014179055181,284,1.62090371856,0.101297505516748
"E1780N3130",82820.33327,5687.29,85,284,14.3623044482948,284,2.82707237227,0.19683974688377
"E1780N3135",82820.33327,10306.455,35,417,14.0341139044556,284,1.46006810859,0.104037071277186
"E1780N3140",82820.33327,14925.62,145,417,11.2462206963321,284,2.0326584463,0.180741468728507
"E1780N3145",82820.33327,19544.785,95,417,9.9333769390089,753,1.66750149435,0.167868541039818
"E1780N3150",82820.33327,24163.95,405,718,7.07790428576912,718,0.8443345155,0.119291598389883
"E1780N3155",82820.33327,28783.115,290,718,6.10942207571501,753,1.24087975269,0.203109187303085
"E1780N3160",82820.33327,33402.28,205,1176,6.95116023938514,753,1.657138283493,0.238397364817414
"E1780N3165",82820.33327,38021.445,140,1176,6.95571899326258,7229,3.842685000308,0.552449718574037
"E1780N3170",82820.33327,42640.61,605,2155,6.32958932945802,2155,0.75573350479,0.119396925369676
"E1780N3175",82820.33327,47259.775,2155,7229,5.56814068623036,7229,0.717887243118,0.128927640943643
"E1780N3180",82820.33327,51878.94,2305,7229,7.85769796534767,7229,1.074822008449,0.136785864408246
"E1780N3185",82820.33327,56498.105,130,7229,11.6256618960838,5820,2.042245287655,0.175667011986901
"E1780N3190",82820.33327,61117.27,945,7859,13.0423581459117,7859,1.494070711336,0.114555258690265
"E1780N3195",82820.33327,65736.435,675,7859,12.8370441925918,7859,1.653292622723,0.128790755715955
"E1780N3200",82820.33327,70355.6,15,7859,14.2179348638728,7859,2.0452827772,0.143852310253368
"E1780N3205",82820.33327,74974.765,NA,7859,16.7983038006387,7859,1.89591995188,0.112863773294058
"E1780N3210",82820.33327,79593.93,NA,7859,20.1218716812882,7859,2.65340112697,0.131866516644048
"E1780N3215",82820.33327,84213.095,NA,7859,23.8803224419679,7859,2.97463507529,0.124564275985751
"E1780N3220",82820.33327,88832.26,10,7859,27.8984453061623,7859,3.759354964624,0.134751414402064
"E1785N3125",90015.24994,1068.125,125,284,10.2928142239222,284,1.63735019695,0.15907701832843
"E1785N3130",90015.24994,5687.29,320,284,7.49482746476862,284,0.84627066272,0.112913961888798
"E1785N3135",90015.24994,10306.455,NA,284,7.00544241283697,284,1.64206396469,0.2343983246056
"E1785N3140",90015.24994,14925.62,10,417,5.97161979470813,284,0.96242864678,0.16116710036243
"E1785N3145",90015.24994,19544.785,1600,417,2.80263098433865,417,0.30920197183,0.11032560959964
"E1785N3150",90015.24994,24163.95,2380,718,3.86886897248408,718,0.524525153664,0.135575838156964
"E1785N3155",90015.24994,28783.115,1865,718,1.48204458332906,931,0.456488513973,0.308012673240645
"E1785N3160",90015.24994,33402.28,1265,1176,2.38900259199315,931,0.335546177923,0.140454505594761
"E1785N3165",90015.24994,38021.445,1425,1176,2.40223467300241,1176,0.35462173881,0.147621605330831
"E1785N3170",90015.24994,42640.61,2030,2155,2.09482826513535,2155,0.364699487267,0.174095172065781
"E1785N3175",90015.24994,47259.775,1215,2155,3.05946161586234,2155,0.393380933853,0.128578483159731
"E1785N3180",90015.24994,51878.94,670,2155,7.55021032103808,2155,1.077337783183,0.142689771194993
"E1785N3185",90015.24994,56498.105,440,5820,9.77827375412731,5820,1.370713744375,0.140179522361647
"E1785N3190",90015.24994,61117.27,275,5820,8.18144084575144,5820,1.1075578911,0.135374430003383
"E1785N3195",90015.24994,65736.435,90,5820,8.99614815400764,5820,2.588144400867,0.287694728517118
"E1785N3200",90015.24994,70355.6,30,5820,11.7302497628836,7859,2.602787655843,0.221886806202426
"E1785N3205",90015.24994,74974.765,NA,5820,15.3928622414694,7859,2.789381848244,0.181212681857778
"E1785N3210",90015.24994,79593.93,NA,5820,19.4667672474022,7859,3.29388805113,0.169205703713829
"E1785N3215",90015.24994,84213.095,NA,5820,23.7411713430204,7859,3.849321647124,0.162136972582679
"E1785N3220",90015.24994,88832.26,15,5820,28.124807146134,7859,4.191575892274,0.149034831438841
"E1790N3130",97210.16661,5687.29,915,284,3.09882883752538,284,0.621316941967,0.200500567970435
"E1790N3135",97210.16661,10306.455,490,284,1.58320082023851,284,0.46216970375,0.291921086599976
"E1790N3140",97210.16661,14925.62,25,284,6.17119762319915,284,0.63105093574,0.10225745054213
"E1790N3145",97210.16661,19544.785,100,417,4.5355435432596,417,0.2612232679,0.0575946996007151
"E1790N3150",97210.16661,24163.95,100,417,5.95306839277686,417,0.6152524693,0.103350478896986
"E1790N3155",97210.16661,28783.115,675,931,5.55673221093692,931,0.894414023821,0.160960433194997
"E1790N3160",97210.16661,33402.28,975,1204,2.948053481706,1204,0.25458551694,0.0863571568561484
"E1790N3165",97210.16661,38021.445,1560,1204,2.34180455004765,1204,0.2175694142,0.0929067347638268
"E1790N3170",97210.16661,42640.61,1040,2096,4.76486203300986,2096,0.39983787451,0.0839138408919326
"E1790N3175",97210.16661,47259.775,630,2096,5.68206272247534,2096,0.649235895898,0.114260599998299
"E1790N3180",97210.16661,51878.94,195,2096,9.19462527594893,2096,1.353373770686,0.147191835454798
"E1790N3185",97210.16661,56498.105,1005,5820,5.49623936944379,5820,0.675187840175,0.122845421167188
"E1790N3190",97210.16661,61117.27,1300,5820,1.23692518290271,5820,0.20150338351,0.162906686916285
"E1790N3195",97210.16661,65736.435,1190,5820,3.94013847528534,5820,0.503019348472,0.127665398469421
"E1790N3200",97210.16661,70355.6,65,5820,8.49663280924855,5820,6.78700334621,0.798787413623709
"E1790N3205",97210.16661,74974.765,30,5820,13.0971072218419,5820,2.416006447955,0.184468708015603
"E1790N3210",97210.16661,79593.93,5,5820,17.7073159078416,5820,3.242451529046,0.183113665895016
"E1790N3215",97210.16661,84213.095,70,5820,22.3212281547012,7859,3.7833664887,0.169496340545364
"E1790N3220",97210.16661,88832.26,160,5820,26.9369409288211,5820,4.742571100229,0.176061977964049
"E1795N3130",104405.0833,5687.29,85,284,8.15884144230288,284,0.72511964865,0.0888753205682266
"E1795N3135",104405.0833,10306.455,75,284,7.71171046873285,284,0.721900097856,0.0936108922635187
"E1795N3150",104405.0833,24163.95,NA,417,12.3162124994269,417,1.44390693745,0.117236280026606
"E1795N3160",104405.0833,33402.28,70,1204,6.48614183760569,1204,0.50477804588,0.0778240837956043
"E1795N3165",104405.0833,38021.445,420,1204,6.23402479600169,1204,0.63405736898,0.101709150946378
"E1795N3170",104405.0833,42640.61,340,2096,2.89741591402389,2096,0.4375886188,0.151027202094809
"E1795N3175",104405.0833,47259.775,250,2096,4.23992282563774,2096,0.46571523576,0.109840498261888
"E1795N3180",104405.0833,51878.94,5,2096,8.38046793146653,2096,0.925026664482,0.110378880039474
"E1795N3185",104405.0833,56498.105,665,5820,8.2665778184303,5820,1.052641463486,0.127337029494737
"E1795N3190",104405.0833,61117.27,865,5820,6.29743166140284,5820,0.675657106766,0.107290899384764
"E1795N3195",104405.0833,65736.435,530,5820,7.32477664003237,5820,0.955803942045,0.130489158784885
"E1795N3200",104405.0833,70355.6,40,5820,10.5033533082125,7229,4.926183259641,0.469010525980235
"E1795N3205",104405.0833,74974.765,955,5820,14.479705770573,5820,2.405610274005,0.166136682065316
"E1795N3210",104405.0833,79593.93,385,5820,18.7530450402605,5820,2.712568075571,0.144646806411836
"E1795N3215",104405.0833,84213.095,120,5820,23.1595528444779,5820,3.172576320415,0.136987805495194
"E1795N3220",104405.0833,88832.26,475,5820,27.6356011012017,5820,4.315923845409,0.15617260611065
"E1800N3150",111599.9999,24163.95,NA,1204,17.7035803124707,417,2.09907064245,0.11856757816222
"E1800N3160",111599.9999,33402.28,75,1204,13.3784417080615,2096,1.642405551332,0.122765086336051
"E1800N3165",111599.9999,38021.445,25,2096,11.4329008724131,2096,1.285961814642,0.112479048755242
"E1800N3175",111599.9999,47259.775,NA,2096,10.3538256186313,2096,1.864508824637,0.180079218379137
"E1800N3180",111599.9999,51878.94,NA,2096,12.627628523361,2096,1.856354684584,0.147007387899459
"E1800N3190",111599.9999,61117.27,NA,5820,13.4654727761226,5820,1.52317220697,0.11311687545579
"E1800N3200",111599.9999,70355.6,NA,5820,15.87393279158,5820,1.772647173575,0.111670321202019
"E1800N3205",111599.9999,74974.765,130,5820,18.7436173338239,5820,2.326695208485,0.124132666979193
"E1800N3210",111599.9999,79593.93,110,5820,22.2112136056655,5820,4.403416078994,0.198251935133828
"E1800N3215",111599.9999,84213.095,720,5820,26.0389362207949,5820,3.676147511301,0.141178866914125
"E1800N3220",111599.9999,88832.26,1125,5820,30.0896620083908,5820,4.204319480591,0.139726377764515
"E1800N3225",111599.9999,93451.425,20,5820,34.2844380243023,5820,4.1777701201,0.121856164512267
"E1805N3130",118794.9166,5687.29,NA,284,22.1606758529214,284,2.325741694285,0.104949041704357
"E1805N3150",118794.9166,24163.95,15,657,11.9758002949221,657,1.440998545225,0.120325866308576
"E1805N3160",118794.9166,33402.28,95,657,13.4996807436234,657,1.370152927033,0.101495209631546
"E1805N3165",118794.9166,38021.445,10,657,16.2991481314019,657,1.808502483573,0.110956871426228
"E1805N3175",118794.9166,47259.775,15,2096,17.3193567280999,2096,1.74781597598,0.100916910680882
"E1805N3185",118794.9166,56498.105,15,2096,21.1457816700064,2096,2.903933585011,0.137329214418684
"E1805N3195",118794.9166,65736.435,NA,5820,20.9882974494021,5820,2.171918262371,0.103482346179198
"E1805N3205",118794.9166,74974.765,NA,5820,24.4237211784073,5820,3.027621414835,0.123962331240159
"E1805N3210",118794.9166,79593.93,185,5820,27.1759631895588,5820,3.778343233345,0.13903254162475
"E1805N3215",118794.9166,84213.095,1115,5820,30.3845547104838,5820,4.603707769482,0.151514735474914
"E1805N3220",118794.9166,88832.26,945,5820,33.9202406421734,5820,4.593866439356,0.135431422430547
"E1810N3125",125989.8333,1068.125,100,657,26.0084460546495,657,3.465803359862,0.133256840973105
"E1810N3130",125989.8333,5687.29,25,657,21.4743223792065,284,3.219903027585,0.149942008447392
"E1810N3145",125989.8333,19544.785,NA,657,8.44443672592873,657,1.38138736779,0.163585495708487
"E1810N3150",125989.8333,24163.95,200,657,5.1680992119433,657,0.612006644125,0.118420064907166
"E1810N3155",125989.8333,28783.115,850,657,4.97828865225932,657,0.55216127545,0.110913873023295
"E1810N3160",125989.8333,33402.28,230,657,8.09511191648324,657,0.8449316564,0.104375537375778
"E1810N3165",125989.8333,38021.445,NA,657,12.2045764600831,657,2.39428206289,0.19617903748818
"E1810N3170",125989.8333,42640.61,150,657,16.5845080359379,2096,2.542687497491,0.153317028879066
"E1810N3180",125989.8333,51878.94,NA,2096,25.4658100172013,2096,3.078672683584,0.120894355274953
"E1810N3185",125989.8333,56498.105,10,2096,27.2660255191257,2096,2.817759915081,0.103343258191572
"E1810N3190",125989.8333,61117.27,5,5820,27.8431776313676,5820,3.16455020567,0.113656215808675
"E1810N3195",125989.8333,65736.435,10,5820,28.0933666175525,5820,2.660303477015,0.0946950756465359
"E1810N3200",125989.8333,70355.6,NA,5820,29.0844516159234,5820,3.639455266535,0.125134051506147
"E1810N3205",125989.8333,74974.765,NA,5820,30.7448658199091,5820,3.749186762335,0.121945133353198
"E1810N3210",125989.8333,79593.93,80,5820,32.973649985464,5820,4.409946490042,0.133741532768925
"E1810N3215",125989.8333,84213.095,815,5820,35.6644049864569,5820,4.747072317155,0.133103925859905
"E1810N3220",125989.8333,88832.26,265,5820,38.7209419217378,5820,4.674743309013,0.120729070032995
"E1815N3130",133184.7499,5687.29,290,657,21.1652930645963,657,2.95692757873,0.139706432115326
"E1815N3135",133184.7499,10306.455,10,657,16.5936812242846,657,2.54164298299,0.153169326844145
"E1815N3150",133184.7499,24163.95,645,657,3.67863538946849,657,0.69986560141,0.190251418613988
"E1815N3155",133184.7499,28783.115,620,657,3.40682649534358,657,0.45359377952,0.133142612381337
"E1815N3165",133184.7499,38021.445,10,657,11.6522442230746,657,1.88738617053,0.161976193975789
"E1815N3170",133184.7499,42640.61,125,657,16.1823674305786,657,2.656574712639,0.164164775273801
"E1815N3175",133184.7499,47259.775,65,657,20.7517856214056,657,2.738719704022,0.13197513476609
"E1815N3185",133184.7499,56498.105,5,657,29.9364643853808,2096,4.065156313893,0.135792799762893
"E1815N3190",133184.7499,61117.27,10,657,34.5395368020338,2096,3.937126807981,0.113988986897739
"E1815N3200",133184.7499,70355.6,NA,5820,36.0300928324803,5820,4.330736173335,0.120197752291966
"E1815N3205",133184.7499,74974.765,NA,5820,37.3832721682088,5820,4.441943703465,0.118821693389443
"E1815N3210",133184.7499,79593.93,45,5820,39.236766649178,5820,5.398807800992,0.137595634453358
"E1815N3215",133184.7499,84213.095,90,5820,41.5236323887515,5820,5.405249069725,0.130172837942502
"E1815N3220",133184.7499,88832.26,NA,5820,44.176618329437,5820,5.352013004695,0.121150355257697
"E1820N3150",140379.6666,24163.95,475,657,10.1926011856668,657,0.92097761291,0.0903574657865663
"E1820N3205",140379.6666,74974.765,NA,5820,44.1962097914151,5820,5.772951010102,0.130620952279563
"E1820N3215",140379.6666,84213.095,55,5820,47.7494289880055,5820,5.962881255426,0.124878587698376
