generation,best_cost,mean_cost,overall_best_cost,open_locations,avg_distance_km,city_bounce_rate
0,2416044.072379945,5831174.51395674,2416044.072379945,36,0.6734360902555302,0.00035776558454283716
1,2090847.5069372891,3567594.012657042,2090847.5069372891,21,0.8528995140755765,0.0005990694043208763
2,2090847.5069372891,3361702.2833225275,2090847.5069372891,21,0.8528995140755765,0.0005990694043208763
3,2090847.5069372891,3177872.2699568258,2090847.5069372891,21,0.8528995140755765,0.0005990694043208763
4,2090847.5069372891,3473534.8382702484,2090847.5069372891,21,0.8528995140755765,0.0005990694043208763
5,2090847.5069372891,3443454.036845808,2090847.5069372891,21,0.8528995140755765,0.0005990694043208763
6,2090847.5069372891,3389024.629687333,2090847.5069372891,21,0.8528995140755765,0.0005990694043208763
7,2090847.5069372891,3265862.6985670514,2090847.5069372891,21,0.8528995140755765,0.0005990694043208763
8,2090847.5069372891,3342430.919164749,2090847.5069372891,21,0.8528995140755765,0.0005990694043208763
9,2090847.5069372891,3526930.817551715,2090847.5069372891,21,0.8528995140755765,0.0005990694043208763
10,2090847.5069372891,3174583.7560942983,2090847.5069372891,21,0.8528995140755765,0.0005990694043208763
11,2090847.5069372891,3386886.5902479035,2090847.5069372891,21,0.8528995140755765,0.0005990694043208763
12,2090847.5069372891,4172011.549708123,2090847.5069372891,21,0.8528995140755765,0.0005990694043208763
13,2090847.5069372891,3454294.9670381495,2090847.5069372891,21,0.8528995140755765,0.0005990694043208763
14,2090847.5069372891,3369208.7307792082,2090847.5069372891,21,0.8528995140755765,0.0005990694043208763
15,2090847.5069372891,3483071.167483046,2090847.5069372891,21,0.8528995140755765,0.0005990694043208763
16,2090847.5069372891,3353871.547426936,2090847.5069372891,21,0.8528995140755765,0.0005990694043208763
17,2090847.5069372891,3466993.650780308,2090847.5069372891,21,0.8528995140755765,0.0005990694043208763
18,2090847.5069372891,3457922.9225407373,2090847.5069372891,21,0.8528995140755765,0.0005990694043208763
19,2090847.5069372891,3370721.6633505584,2090847.5069372891,21,0.8528995140755765,0.0005990694043208763
20,2090847.5069372891,3644432.1246700645,2090847.5069372891,21,0.8528995140755765,0.0005990694043208763
21,2090847.5069372891,3482934.0203118627,2090847.5069372891,21,0.8528995140755765,0.0005990694043208763
22,2090847.5069372891,4290762.351709571,2090847.5069372891,21,0.8528995140755765,0.0005990694043208763
23,2090847.5069372891,3348776.3884501285,2090847.5069372891,21,0.8528995140755765,0.0005990694043208763
24,2090847.5069372891,3507177.5871160864,2090847.5069372891,21,0.8528995140755765,0.0005990694043208763
25,2090847.5069372891,3390953.227534264,2090847.5069372891,21,0.8528995140755765,0.0005990694043208763
26,2090847.5069372891,3441946.399142872,2090847.5069372891,21,0.8528995140755765,0.0005990694043208763
27,2090847.5069372891,3505900.878674951,2090847.5069372891,21,0.8528995140755765,0.0005990694043208763
28,2090847.5069372891,3567335.3720696634,2090847.5069372891,21,0.8528995140755765,0.0005990694043208763
29,2090847.5069372891,3395547.8535325495,2090847.5069372891,21,0.8528995140755765,0.0005990694043208763
30,2090847.5069372891,3313010.982484746,2090847.5069372891,21,0.8528995140755765,0.0005990694043208763
31,2090847.5069372891,3362753.42751586,2090847.5069372891,21,0.8528995140755765,0.0005990694043208763
32,2090847.5069372891,4403289.4812399205,2090847.5069372891,21,0.8528995140755765,0.0005990694043208763
33,2090847.5069372891,3478722.186586683,2090847.5069372891,21,0.8528995140755765,0.0005990694043208763
34,2090847.5069372891,3363732.6689152163,2090847.5069372891,21,0.8528995140755765,0.0005990694043208763
35,2090847.5069372891,3395517.8920938754,2090847.5069372891,21,0.8528995140755765,0.0005990694043208763
36,2090847.5069372891,3429754.5657820227,2090847.5069372891,21,0.8528995140755765,0.0005990694043208763
37,2090847.5069372891,3326210.1281858515,2090847.5069372891,21,0.8528995140755765,0.0005990694043208763
38,2090847.5069372891,3359273.751918377,2090847.5069372891,21,0.8528995140755765,0.0005990694043208763
39,2090847.5069372891,3266805.24984585,2090847.5069372891,21,0.8528995140755765,0.0005990694043208763
40,2090847.5069372891,3553547.5728712333,2090847.5069372891,21,0.8528995140755765,0.0005990694043208763
41,2090847.5069372891,3487072.4548006156,2090847.5069372891,21,0.8528995140755765,0.0005990694043208763
42,2090847.5069372891,4454535.531219821,2090847.5069372891,21,0.8528995140755765,0.0005990694043208763
43,2090847.5069372891,3556129.4578984086,2090847.5069372891,21,0.8528995140755765,0.0005990694043208763
44,2090847.5069372891,3352193.769706593,2090847.5069372891,21,0.8528995140755765,0.0005990694043208763
45,2090847.5069372891,3303988.440323541,2090847.5069372891,21,0.8528995140755765,0.0005990694043208763
46,2090847.5069372891,3471749.354027068,2090847.5069372891,21,0.8528995140755765,0.0005990694043208763
47,2090847.5069372891,3240823.7676464473,2090847.5069372891,21,0.8528995140755765,0.0005990694043208763
48,2090847.5069372891,3343724.512780596,2090847.5069372891,21,0.8528995140755765,0.0005990694043208763
49,2090847.5069372891,3358068.5563788763,2090847.5069372891,21,0.8528995140755765,0.0005990694043208763
50,2090847.5069372891,3409891.2954014195,2090847.5069372891,21,0.8528995140755765,0.0005990694043208763
51,2090847.5069372891,3593788.034964276,2090847.5069372891,21,0.8528995140755765,0.0005990694043208763
52,2090847.5069372891,4518414.957520103,2090847.5069372891,21,0.8528995140755765,0.0005990694043208763
53,2090847.5069372891,3576408.654996961,2090847.5069372891,21,0.8528995140755765,0.0005990694043208763
54,2090847.5069372891,3529888.781591456,2090847.5069372891,21,0.8528995140755765,0.0005990694043208763
55,2090847.5069372891,3479348.2192412233,2090847.5069372891,21,0.8528995140755765,0.0005990694043208763
56,2090847.5069372891,3550833.350049685,2090847.5069372891,21,0.8528995140755765,0.0005990694043208763
57,2090847.5069372891,3478211.609168889,2090847.5069372891,21,0.8528995140755765,0.0005990694043208763
58,2090847.5069372891,3445701.166100038,2090847.5069372891,21,0.8528995140755765,0.0005990694043208763
59,2090847.5069372891,3555051.2361963717,2090847.5069372891,21,0.8528995140755765,0.0005990694043208763
60,2090847.5069372891,3499256.9146495904,2090847.5069372891,21,0.8528995140755765,0.0005990694043208763
61,2090847.5069372891,3421426.778618689,2090847.5069372891,21,0.8528995140755765,0.0005990694043208763
62,2090847.5069372891,4330812.1502446635,2090847.5069372891,21,0.8528995140755765,0.0005990694043208763
63,2090847.5069372891,3559763.129832244,2090847.5069372891,21,0.8528995140755765,0.0005990694043208763
64,2090847.5069372891,3363354.1437524795,2090847.5069372891,21,0.8528995140755765,0.0005990694043208763
65,2090847.5069372891,3531601.5101396996,2090847.5069372891,21,0.8528995140755765,0.0005990694043208763
66,2090847.5069372891,3364296.3434312157,2090847.5069372891,21,0.8528995140755765,0.0005990694043208763
67,2090847.5069372891,3663741.6254616333,2090847.5069372891,21,0.8528995140755765,0.0005990694043208763
68,2090847.5069372891,3511245.0256071454,2090847.5069372891,21,0.8528995140755765,0.0005990694043208763
69,2090847.5069372891,3314739.4092227435,2090847.5069372891,21,0.8528995140755765,0.0005990694043208763
70,2090847.5069372891,3219961.5744019924,2090847.5069372891,21,0.8528995140755765,0.0005990694043208763
71,2090847.5069372891,3390303.952423052,2090847.5069372891,21,0.8528995140755765,0.0005990694043208763
72,2090847.5069372891,4461651.059934995,2090847.5069372891,21,0.8528995140755765,0.0005990694043208763
73,2090847.5069372891,3698601.4482109984,2090847.5069372891,21,0.8528995140755765,0.0005990694043208763
74,2090847.5069372891,3478833.0784244062,2090847.5069372891,21,0.8528995140755765,0.0005990694043208763
75,2090847.5069372891,3529014.351844435,2090847.5069372891,21,0.8528995140755765,0.0005990694043208763
76,2090847.5069372891,3262683.0150449383,2090847.5069372891,21,0.8528995140755765,0.0005990694043208763
77,2090847.5069372891,3257940.8936499935,2090847.5069372891,21,0.8528995140755765,0.0005990694043208763
78,2090847.5069372891,3342517.1645393027,2090847.5069372891,21,0.8528995140755765,0.0005990694043208763
79,2090847.5069372891,3208135.584442206,2090847.5069372891,21,0.8528995140755765,0.0005990694043208763
80,2090847.5069372891,3743192.8474578336,2090847.5069372891,21,0.8528995140755765,0.0005990694043208763
81,2090847.5069372891,3358976.06888477,2090847.5069372891,21,0.8528995140755765,0.0005990694043208763
82,2090847.5069372891,4190825.9999782257,2090847.5069372891,21,0.8528995140755765,0.0005990694043208763
83,2090847.5069372891,3441803.56360117,2090847.5069372891,21,0.8528995140755765,0.0005990694043208763
84,2090847.5069372891,3544919.189385221,2090847.5069372891,21,0.8528995140755765,0.0005990694043208763
85,2090847.5069372891,3225597.661855287,2090847.5069372891,21,0.8528995140755765,0.0005990694043208763
86,2090847.5069372891,3394173.2404261064,2090847.5069372891,21,0.8528995140755765,0.0005990694043208763
87,2090847.5069372891,3362873.5992595726,2090847.5069372891,21,0.8528995140755765,0.0005990694043208763
88,2090847.5069372891,3493358.074345651,2090847.5069372891,21,0.8528995140755765,0.0005990694043208763
89,2090847.5069372891,3665797.352806485,2090847.5069372891,21,0.8528995140755765,0.0005990694043208763
90,2090847.5069372891,3479192.589346476,2090847.5069372891,21,0.8528995140755765,0.0005990694043208763
91,2090847.5069372891,3470153.629920913,2090847.5069372891,21,0.8528995140755765,0.0005990694043208763
92,2090847.5069372891,4241145.928165052,2090847.5069372891,21,0.8528995140755765,0.0005990694043208763
93,2090847.5069372891,3332240.6256279517,2090847.5069372891,21,0.8528995140755765,0.0005990694043208763
94,2090847.5069372891,3379968.633427946,2090847.5069372891,21,0.8528995140755765,0.0005990694043208763
95,2090847.5069372891,3272683.6718650633,2090847.5069372891,21,0.8528995140755765,0.0005990694043208763
96,2090847.5069372891,3292878.4623990483,2090847.5069372891,21,0.8528995140755765,0.0005990694043208763
97,2090847.5069372891,3395009.059186281,2090847.5069372891,21,0.8528995140755765,0.0005990694043208763
98,2090847.5069372891,3542721.909911066,2090847.5069372891,21,0.8528995140755765,0.0005990694043208763
99,2090847.5069372891,3383200.3429084234,2090847.5069372891,21,0.8528995140755765,0.0005990694043208763
