assigned_facility,facility_type,n_zones,total_population,avg_dist_km,avg_pickup_prob,annual_pickups,annual_deliveries,delivery_cost,storage_cost,pickup_savings,net_var_cost,fixed_cost,total_cost,avg_daily_pickups,peak_storage_load,storage_util,bounce_risk
3155,SP,12,6320.0,1.306717755532,0.5620333333333333,39504,23980,40164.11,6715.81,39899.759999999995,6980.149999999999,50000,56980.15,108.23013698630137,430.5394849315068,0.8610789698630137,False
4387,SP,14,7025.0,1.5578306505150714,0.5331428571428571,45524,25044,41177.340000000004,7738.96,45978.51,2937.8099999999995,50000,52937.81,124.72328767123288,496.1492383561644,0.9922984767123288,True
2075,SP,7,6825.0,0.9952741708055716,0.6362857142857142,45156,23401,39398.42,7676.51,45607.44,1467.4699999999984,50000,51467.47,123.71506849315068,492.13854246575335,0.9842770849315067,True
753,SP,9,5345.0,1.108222381239,0.6179111111111111,36256,17434,29298.84,6163.51,36618.51,-1156.1599999999994,50000,48843.840000000004,99.33150684931506,395.1407342465753,0.7902814684931505,False
3343,SP,12,5420.0,1.153429362871,0.6055083333333333,36251,18191,28638.56,6162.78,36614.16,-1812.8099999999993,50000,48187.19,99.31780821917808,395.0862410958904,0.7901724821917808,False
7229,SP,4,7115.0,0.9110377634332499,0.6368499999999999,45852,25618,35632.8,7794.7699999999995,46310.119999999995,-2882.54,50000,47117.46,125.62191780821918,499.7239890410958,0.9994479780821917,True
8282,SP,5,6680.0,0.9625178147593999,0.6506000000000001,45587,21514,32007.79,7749.7,46042.33,-6284.860000000001,50000,43715.14,124.8958904109589,496.8358520547945,0.9936717041095889,True
4987,SP,3,4375.0,0.7492549770493332,0.7011,33899,10049,13150.84,5762.73,34237.43,-15323.850000000002,50000,34676.149999999994,92.87397260273973,369.4526630136986,0.7389053260273972,False
5706,SP,5,6570.0,0.7358235333414,0.6836399999999999,45538,20459,22875.42,7741.3099999999995,45992.52,-15375.800000000001,50000,34624.2,124.76164383561644,496.30181917808216,0.9926036383561643,True
718,SP,4,6250.0,0.7506751232459999,0.68485,44137,18644,21499.69,7503.19,44577.759999999995,-15574.869999999999,50000,34425.130000000005,120.92328767123287,481.0328383561643,0.9620656767123286,False
1379,SP,6,6130.0,0.8221080404476666,0.6786333333333333,44931,16645,22006.15,7638.15,45379.62,-15735.31,50000,34264.69,123.0986301369863,489.6863506849315,0.979372701369863,False
5820,SP,10,5975.0,1.3322919866724,0.59474,43232,16789,20555.51,7349.32,43663.58,-15758.750000000002,50000,34241.25,118.44383561643835,471.1695780821917,0.9423391561643835,False
1204,SP,8,5590.0,0.8897795568742501,0.6716125,41262,14888,18544.629999999997,7014.44,41674.08,-16115.0,50000,33885.0,113.04657534246576,449.69927671232875,0.8993985534246575,False
4440,SP,5,6360.0,0.7981981419522,0.67684,45857,18028,20979.04,7795.74,46315.86,-17541.07,50000,32458.93,125.63561643835617,499.77848219178077,0.9995569643835616,True
4431,SP,4,6125.0,0.80036029207375,0.691225,45362,16162,19990.75,7711.58,45815.799999999996,-18113.47,50000,31886.53,124.27945205479452,494.38366027397257,0.9887673205479451,True
2155,SP,4,6005.0,0.5907670464567499,0.73315,44420,15900,15498.769999999999,7551.5,44864.82000000001,-21814.550000000003,50000,28185.449999999997,121.6986301369863,484.11715068493146,0.9682343013698629,False
1739,SP,5,5660.0,1.6011780477616,0.55798,43774,13082,11502.41,7441.34,44210.33,-25266.579999999998,50000,24733.420000000002,119.92876712328767,477.0766356164383,0.9541532712328766,False
E1770N3190,APL,5,1735.0,1.4357624655114,0.61876,10999,6430,13498.44,1869.73,11108.39,4259.759999999999,15000,19259.76,30.134246575342466,119.87403287671232,0.9989502739726027,True
E1815N3150,APL,8,1355.0,1.755467585846875,0.57205,9192,4419,11165.67,1562.67,9284.15,3444.1999999999994,15000,18444.2,25.183561643835617,100.18020821917807,0.8348350684931506,False
E1790N3140,APL,7,1620.0,1.1713085465624287,0.6895571428571429,10934,5338,12429.35,1858.8500000000001,11043.779999999999,3244.4599999999996,15000,18244.46,29.956164383561642,119.1656219178082,0.9930468493150683,True
E1760N3200,APL,4,1385.0,1.0021977130552502,0.750325,9979,3932,11323.01,1696.56,10079.58,2939.99,15000,17939.989999999998,27.339726027397262,108.7574301369863,0.9063119178082192,False
E1775N3190,APL,5,1560.0,2.1176458404073997,0.55596,10918,4753,10883.710000000001,1855.9299999999998,11026.38,1713.27,15000,16713.27,29.912328767123288,118.99124383561643,0.9915936986301369,True
E1795N3210,APL,2,1510.0,0.7458757025100001,0.7944,10520,4647,10398.61,1788.52,10625.96,1561.1800000000003,15000,16561.18,28.82191780821918,114.6535890410959,0.9554465753424658,False
E1790N3150,APL,4,1475.0,0.68048755123175,0.8118,10289,4526,8053.33,1749.25,10392.61,-590.03,15000,14409.97,28.18904109589041,112.13600547945204,0.934466712328767,False
E1810N3220,APL,5,1545.0,1.4211505065709997,0.6112599999999999,10794,4726,8142.429999999999,1834.83,10901.029999999999,-923.7700000000001,15000,14076.23,29.572602739726026,117.63981369863012,0.9803317808219176,True
E1740N3160,APL,4,1570.0,1.109508381291,0.677975,10838,4932,7852.040000000001,1842.4699999999998,10946.46,-1251.95,15000,13748.05,29.693150684931506,118.11935342465752,0.9843279452054793,True
E1795N3220,APL,8,1380.0,1.638269927206,0.6146625,10649,3212,7291.48,1810.57,10756.9,-1654.8600000000001,15000,13345.14,29.175342465753424,116.05951232876711,0.967162602739726,False
E1790N3185,APL,3,1305.0,0.9049497878096666,0.7317,9514,3596,5172.34,1617.28,9608.57,-2818.93,15000,12181.07,26.065753424657533,103.68956712328766,0.8640797260273971,False
E1810N3160,APL,6,1375.0,1.1660523502703335,0.6897166666666666,10966,2846,5384.71,1864.22,11075.68,-3826.7400000000002,15000,11173.26,30.043835616438358,119.51437808219178,0.9959531506849315,True
E1795N3205,APL,5,1225.0,1.5428664777748,0.6303,10896,1410,5188.49,1852.35,11005.169999999998,-3964.2999999999993,15000,11035.7,29.852054794520548,118.75147397260272,0.989595616438356,True
E1795N3175,APL,10,1345.0,1.8465172319249,0.60981,10951,2562,5222.5599999999995,1861.49,11059.42,-3975.3599999999997,15000,11024.64,30.002739726027396,119.35089863013697,0.994590821917808,True
E1805N3220,APL,3,1150.0,1.6090679018443337,0.6350666666666667,10411,1140,4220.12,1770.03,10516.08,-4525.94,15000,10474.060000000001,28.523287671232875,113.46563835616436,0.9455469863013697,False
E1770N3150,APL,2,1305.0,0.4944068811550001,0.8523499999999999,10884,2225,3299.5,1850.3,10992.98,-5843.16,15000,9156.84,29.81917808219178,118.62069041095889,0.9885057534246574,True
E1760N3210,APL,4,865.0,0.6588340738585,0.809525,7908,780,773.6500000000001,1344.41,7987.449999999999,-5869.37,15000,9130.630000000001,21.665753424657535,86.18636712328767,0.7182197260273973,False
E1730N3185,APL,2,1140.0,0.309659248715,0.91195,9594,1857,1725.13,1631.02,9690.19,-6334.04,15000,8665.96,26.284931506849315,104.56145753424656,0.8713454794520546,False
E1775N3145,APL,3,1180.0,1.3450308593633336,0.6779000000000001,10988,864,2714.6400000000003,1868.0000000000002,11098.130000000001,-6515.4800000000005,15000,8484.52,30.104109589041094,119.75414794520546,0.9979512328767122,True
E1785N3130,APL,3,1270.0,0.7315863449323334,0.7938000000000001,10697,2059,2356.55,1818.63,10804.8,-6629.620000000001,15000,8370.38,29.306849315068494,116.58264657534245,0.9715220547945205,False
E1775N3195,APL,1,1225.0,0.6077810524999999,0.8283,10192,2113,1926.07,1732.71,10294.33,-6635.55,15000,8364.45,27.923287671232877,111.07883835616438,0.9256569863013698,False
E1810N3215,APL,3,1170.0,0.5841803218566667,0.8251666666666667,10854,899,1143.56,1845.0,10961.49,-7972.91,15000,7027.09,29.736986301369864,118.2937315068493,0.9857810958904109,True
E1820N3150,APL,2,1120.0,0.22475429824999998,0.9467,10559,691,465.74,1795.13,10665.21,-8404.33,15000,6595.67,28.92876712328767,115.07863561643835,0.9589886301369862,False
