cbs_square,population,assigned_facility,facility_type,dist_km,pickup_probability,annual_pickups,annual_deliveries,delivery_cost,storage_cost,pickup_savings,net_variable_cost
E1725N3170,175.0,2075,SP,0.887691584161,0.6381,1122,636,847.17,190.68,1132.85,-95.01
E1730N3160,435.0,1379,SP,0.6129818525199998,0.7185,3140,1230,1130.79,533.76,3171.14,-1506.59
E1730N3165,1815.0,1379,SP,0.6311730379099998,0.7126,12992,5240,4960.87,2208.6,13121.7,-5952.23
E1730N3170,1975.0,2075,SP,0.529234782394,0.7473,14825,5014,3980.06,2520.29,14973.46,-8473.12
E1730N3175,140.0,2075,SP,0.6581016289299999,0.704,990,416,410.97,168.3,999.88,-420.62
E1730N3185,90.0,E1730N3185,APL,0.0,1.0,904,0,0.0,153.69,913.09,-759.4
E1730N3190,1050.0,E1730N3185,APL,0.61931849743,0.8239,8690,1857,1725.13,1477.33,8777.1,-5574.64
E1735N3155,630.0,1379,SP,1.3513802175659997,0.5366,3396,2932,5944.28,577.3,3429.84,3091.74
E1735N3160,650.0,1379,SP,0.78246674575,0.6667,4353,2176,2554.44,739.98,4396.36,-1101.94
E1735N3165,1895.0,1379,SP,0.155907074,0.9094,17311,1725,403.31,2942.81,17483.76,-14137.64
E1735N3170,1480.0,2075,SP,0.3895548352899999,0.8007,11903,2963,1731.42,2023.59,12022.51,-8267.5
E1735N3175,855.0,2075,SP,2.1513464834040006,0.4211,3617,4972,16044.16,614.83,3652.8,13006.19
E1735N3180,810.0,8282,SP,1.997095902663,0.4393,3575,4562,13665.45,607.69,3610.4,10662.74
E1735N3185,295.0,3343,SP,2.3060888727299997,0.4043,1198,1765,6106.42,203.65,1209.94,5100.14
E1735N3190,1860.0,5706,SP,0.85729425668,0.6461,12071,6613,8503.46,2052.07,12191.72,-1636.19
E1735N3195,480.0,5706,SP,0.697730340337,0.6916,3335,1487,1556.09,566.91,3368.12,-1245.12
E1740N3155,305.0,E1740N3160,APL,0.9811116889519998,0.7069,2166,898,1321.73,368.15,2187.25,-497.37
E1740N3160,705.0,1379,SP,1.39873931494,0.528,3739,3342,7012.46,635.7,3776.82,3871.35
E1740N3165,845.0,2075,SP,1.24256874889,0.5574,4731,3757,7001.89,804.32,4778.64,3027.58
E1740N3170,1355.0,2075,SP,1.10842113257,0.5854,7968,5643,9382.75,1354.5,8047.3,2689.95
E1740N3175,835.0,8282,SP,1.2598721280139995,0.554,4647,3741,7069.5,789.94,4693.16,3166.28
E1740N3180,745.0,3343,SP,1.5611187089199998,0.5006,3746,3737,8751.25,636.88,3783.79,5604.33
E1740N3185,1595.0,5706,SP,0.7202800310999999,0.6848,10972,5050,5456.0,1865.21,11081.56,-3760.35
E1740N3190,1790.0,5706,SP,0.4665947240300001,0.7703,13851,4130,2890.33,2354.64,13989.33,-8744.36
E1740N3195,845.0,5706,SP,0.93721831456,0.6254,5309,3179,4469.54,902.48,5361.79,10.22
E1745N3145,15.0,1739,SP,2.905229093426,0.3501,53,98,426.74,8.97,53.28,382.43
E1745N3150,10.0,1739,SP,2.820115287256,0.3569,36,65,273.27,6.09,36.21,243.16
E1745N3155,10.0,E1740N3160,APL,1.4986782733719999,0.5874,59,41,93.16,10.03,59.6,43.6
E1745N3160,120.0,E1740N3160,APL,0.8657198589300001,0.7404,892,313,406.34,151.72,901.41,-343.35
E1745N3165,1135.0,E1740N3160,APL,1.09252370391,0.6772,7721,3680,6030.81,1312.57,7798.2,-454.83
E1745N3170,3090.0,1739,SP,0.3055467718099999,0.8366,25969,5070,2323.8,4414.68,26228.4,-19489.92
E1745N3175,890.0,8282,SP,0.36553424849,0.8107,7247,1693,928.16,1232.03,7319.71,-5159.53
E1745N3180,1460.0,8282,SP,0.5831110347599999,0.7285,10685,3981,3482.17,1816.37,10791.36,-5492.83
E1745N3185,1255.0,3343,SP,0.6571654265,0.7043,8878,3728,3675.08,1509.3,8967.0,-3782.62
E1745N3190,1245.0,3343,SP,0.7720873770329999,0.6696,8374,4132,4784.95,1423.64,8458.12,-2249.52
E1745N3195,125.0,3343,SP,0.88435922845,0.6389,802,453,601.4,136.38,810.28,-72.5
E1745N3200,45.0,3343,SP,0.88435922845,0.6389,289,163,216.5,49.1,291.7,-26.1
E1750N3145,5.0,4387,SP,2.662653098049,0.3702,19,32,126.34,3.16,18.78,110.72
E1750N3150,15.0,4387,SP,2.043403943449,0.4337,65,85,261.54,11.11,66.0,206.64
E1750N3160,150.0,1739,SP,1.311608932406,0.544,820,687,1351.66,139.35,827.92,663.09
E1750N3165,765.0,4440,SP,1.041931273971,0.6003,4613,3071,4800.2,784.22,4659.19,925.23
E1750N3170,2395.0,1739,SP,0.6633901539100001,0.7023,16896,7162,7126.94,2872.25,17064.52,-7065.34
E1750N3175,2685.0,8282,SP,0.6069757598700001,0.7205,19433,7537,6862.51,3303.67,19627.7,-9461.52
E1750N3180,890.0,4440,SP,1.0624401574659998,0.5956,5325,3615,5761.23,905.24,5378.18,1288.29
E1750N3185,920.0,3343,SP,0.641066198771,0.7094,6556,2686,2582.41,1114.49,6621.39,-2924.49
E1750N3190,655.0,3343,SP,0.25075455823,0.8619,5671,909,341.77,964.04,5727.52,-4421.71
E1750N3195,55.0,3343,SP,0.6675622157760001,0.701,387,165,165.42,65.84,391.15,-159.89
E1750N3205,15.0,3343,SP,1.632742577956,0.4894,74,77,188.42,12.54,74.48,126.48
E1750N3210,60.0,3343,SP,2.2199031927759996,0.4135,249,353,1177.09,42.36,251.69,967.76
E1755N3155,80.0,4387,SP,1.560155145219,0.5008,402,401,938.86,68.41,406.44,600.83
E1755N3160,255.0,4387,SP,1.0810609158649995,0.5914,1515,1047,1697.03,257.54,1530.1,424.48
E1755N3165,800.0,4440,SP,1.111485735173,0.5847,4699,3337,5563.93,798.79,4745.73,1616.99
E1755N3170,1200.0,4440,SP,0.350476720694,0.817,9848,2206,1159.51,1674.22,9946.86,-7113.12
E1755N3175,2705.0,4440,SP,0.424656822457,0.7866,21372,5799,3694.17,3633.27,21585.9,-14258.46
E1755N3180,1290.0,3155,SP,1.213542372246,0.5632,7298,5660,10302.22,1240.73,7371.41,4171.55
E1755N3185,5.0,3343,SP,1.3639447688600002,0.5343,27,23,47.85,4.56,27.1,25.31
E1755N3190,15.0,3155,SP,1.030048094762,0.6031,91,60,92.41,15.45,91.77,16.08
E1755N3195,20.0,3155,SP,1.41071866103,0.5259,106,95,201.54,17.96,106.71,112.79
E1755N3200,35.0,3155,SP,2.001531501163,0.4388,154,197,592.37,26.23,155.81,462.79
E1755N3205,65.0,3155,SP,2.089439134603,0.4282,280,373,1170.03,47.53,282.4,935.16
E1755N3210,355.0,E1760N3210,APL,0.63117312819,0.8195,2922,644,609.44,496.78,2951.48,-1845.26
E1760N3150,5.0,4387,SP,1.748284801739,0.4723,24,27,69.5,4.03,23.96,49.57
E1760N3160,390.0,4387,SP,0.82254021788,0.6555,2568,1350,1665.24,436.54,2593.54,-491.76
E1760N3165,1570.0,4387,SP,0.2602947832,0.8574,13522,2249,878.11,2298.67,13656.8,-10480.01
E1760N3170,1155.0,4387,SP,0.8297835127430001,0.6535,7582,4020,5003.74,1288.91,7657.64,-1364.98
E1760N3175,1885.0,4387,SP,1.3086885921129998,0.5446,10312,8623,16927.49,1752.98,10414.76,8265.71
E1760N3180,2590.0,3155,SP,0.8132632323429999,0.658,17120,8897,10853.06,2910.36,17290.96,-3527.54
E1760N3185,385.0,3155,SP,1.7928530033669998,0.4661,1802,2065,5553.1,306.41,1820.44,4039.07
E1760N3190,1150.0,3155,SP,0.5241386320150001,0.7491,8653,2898,2278.63,1471.09,8739.99,-4990.27
E1760N3195,145.0,3155,SP,0.9105520370029998,0.6322,921,536,731.74,156.53,929.98,-41.71
E1760N3200,30.0,E1760N3200,APL,0.0,1.0,301,0,0.0,51.23,304.36,-253.13
E1760N3205,805.0,E1760N3200,APL,0.4709551524,0.884,7148,938,662.77,1215.16,7219.49,-5341.56
E1760N3210,450.0,E1760N3210,APL,0.0,1.0,4520,0,0.0,768.44,4565.44,-3797.0
E1765N3135,15.0,4387,SP,3.3899218688039996,0.3158,48,103,524.18,8.09,48.06,484.2
E1765N3150,75.0,4387,SP,2.29223675674,0.4057,306,448,1539.39,51.96,308.72,1282.64
E1765N3155,90.0,4387,SP,1.4811183363800002,0.5138,464,440,976.61,78.96,469.11,586.46
E1765N3160,520.0,4387,SP,1.2979355451700003,0.5466,2855,2368,4610.48,485.4,2883.83,2212.05
E1765N3165,965.0,4387,SP,1.03155158986,0.6027,5842,3851,5958.83,993.2,5900.77,1051.26
E1765N3170,450.0,3155,SP,1.95012963435,0.4452,2012,2508,7335.75,342.12,2032.58,5645.29
E1765N3175,1615.0,4431,SP,0.6862857842269999,0.6952,11277,4945,5090.99,1917.12,11389.94,-4381.83
E1765N3180,765.0,4431,SP,1.653778961834,0.4862,3736,3948,9794.28,635.15,3773.52,6655.91
E1765N3185,35.0,3155,SP,0.901768728046,0.6344,223,129,173.85,37.92,225.28,-13.51
E1765N3190,140.0,3155,SP,1.042628035456,0.6002,844,562,879.41,143.48,852.43,170.45
E1765N3195,5.0,E1760N3200,APL,1.157437551985,0.6611,33,17,29.55,5.64,33.53,1.66
E1765N3205,55.0,E1760N3210,APL,0.7255870990219999,0.7857,434,118,128.85,73.79,438.42,-235.77
E1765N3215,5.0,E1760N3210,APL,1.278576068222,0.6329,32,18,35.36,5.4,32.11,8.66
E1770N3145,340.0,753,SP,1.76629602673,0.4698,1604,1811,4797.77,272.75,1620.47,3450.05
E1770N3150,555.0,E1770N3150,APL,0.0,1.0,5575,0,0.0,947.74,5630.71,-4682.96
E1770N3155,705.0,753,SP,0.71068214187,0.6877,4870,2212,2357.65,827.91,4918.78,-1733.22
E1770N3160,750.0,E1770N3150,APL,0.9888137623100002,0.7047,5309,2225,3299.5,902.56,5362.27,-1160.2
E1770N3165,235.0,4987,SP,0.803154587186,0.6608,1560,801,964.51,265.19,1575.57,-345.86
E1770N3170,2785.0,4987,SP,0.2042474278959999,0.8846,24746,3230,989.47,4206.75,24993.05,-19796.83
E1770N3175,2235.0,4431,SP,0.235470954364,0.8692,19514,2936,1037.1,3317.43,19709.42,-15354.89
E1770N3180,1510.0,4431,SP,0.6259054678699999,0.7143,10835,4333,4068.38,1841.88,10942.92,-5032.66
E1770N3185,70.0,E1770N3190,APL,0.8545317602460001,0.7438,523,180,230.88,88.91,528.25,-208.46
E1770N3190,305.0,E1775N3190,APL,0.888257966363,0.7336,2248,816,1087.43,382.09,2270.04,-800.52
E1770N3195,545.0,E1760N3200,APL,2.380398147836001,0.4562,2497,2977,10630.69,424.53,2522.2,8533.02
E1775N3140,95.0,E1775N3145,APL,1.4170207108,0.6035,576,378,804.19,97.91,581.69,320.41
E1775N3145,1000.0,E1775N3145,APL,0.0,1.0,10045,0,0.0,1707.64,10145.42,-8437.77
E1775N3150,1210.0,753,SP,0.5949164611,0.7246,8807,3348,2987.52,1497.12,8894.64,-4410.0
E1775N3155,805.0,753,SP,0.0,1.0,8086,0,0.0,1374.65,8167.06,-6792.41
E1775N3160,845.0,753,SP,0.962819866193,0.6191,5255,3233,4669.28,893.34,5307.49,255.13
E1775N3165,850.0,753,SP,1.373767404725,0.5325,4547,3991,8224.85,772.96,4592.31,4405.51
E1775N3170,2275.0,7229,SP,0.6398260270880001,0.7098,16221,6632,6364.75,2757.49,16382.76,-7260.51
E1775N3175,1355.0,4987,SP,1.240362916066,0.5579,7593,6018,11196.86,1290.79,7668.81,4818.84
E1775N3180,1325.0,7229,SP,0.7678525062379999,0.6708,8929,4381,5045.85,1517.87,9017.95,-2454.23
E1775N3185,1210.0,7229,SP,1.1616505119579996,0.574,6976,5178,9023.09,1185.94,7045.86,3163.17
E1775N3190,1225.0,E1775N3195,APL,0.6077810524999999,0.8283,10192,2113,1926.07,1732.71,10294.33,-6635.55
E1775N3195,955.0,E1770N3190,APL,1.0561811088300004,0.6866,6587,3006,4762.88,1119.72,6652.46,-769.87
E1775N3200,20.0,E1770N3190,APL,1.1514830321449998,0.6625,133,68,117.11,22.63,134.43,5.3
E1780N3130,85.0,E1775N3145,APL,2.6180718672900003,0.4302,367,486,1910.45,62.45,371.02,1601.88
E1780N3135,35.0,E1785N3130,APL,1.4863348516200001,0.5898,207,144,321.52,35.25,209.44,147.33
E1780N3140,145.0,E1790N3140,APL,1.4016075105600003,0.6067,884,573,1204.49,150.21,892.45,462.26
E1780N3145,95.0,753,SP,1.66750149435,0.4841,462,492,1231.3,78.54,466.62,843.22
E1780N3150,405.0,718,SP,0.8443345155,0.6495,2643,1426,1805.66,449.23,2668.93,-414.04
E1780N3155,290.0,753,SP,1.24087975269,0.5577,1625,1288,2397.93,276.21,1640.99,1033.15
E1780N3160,205.0,753,SP,1.6571382834930002,0.4857,1000,1059,2632.54,170.03,1010.15,1792.41
E1780N3165,140.0,E1775N3190,APL,3.184167798652,0.379,533,873,4171.47,90.6,538.25,3723.82
E1780N3170,605.0,2155,SP,0.7557335047899999,0.6743,4098,1979,2243.46,696.69,4139.13,-1198.99
E1780N3175,2155.0,2155,SP,0.8492542599169999,0.6482,14032,7615,9700.4,2385.45,14172.4,-2086.55
E1780N3180,2305.0,7229,SP,1.074822008449,0.5928,13726,9427,15199.11,2333.47,13863.55,3669.03
E1780N3185,130.0,E1775N3190,APL,1.4513958350509997,0.5966,779,527,1146.72,132.45,786.92,492.25
E1780N3190,945.0,E1775N3190,APL,0.7967415439860001,0.762,7234,2259,2699.62,1229.71,7305.95,-3376.61
E1780N3195,675.0,E1770N3190,APL,1.7448321177359998,0.5437,3687,3094,8096.58,626.76,3723.68,4999.66
E1780N3200,15.0,E1770N3190,APL,2.3717843085999997,0.4572,69,82,290.99,11.71,69.57,233.13
E1780N3220,10.0,E1795N3220,APL,2.682332246334,0.4237,43,58,232.91,7.24,42.99,197.15
E1785N3125,125.0,E1790N3140,APL,2.2684011326899998,0.4695,589,666,2266.57,100.21,595.39,1771.4
E1785N3130,320.0,E1785N3130,APL,0.0,1.0,3214,0,0.0,546.45,3246.53,-2700.09
E1785N3140,10.0,E1790N3150,APL,1.16999848694,0.658,66,34,60.28,11.24,66.76,4.76
E1785N3145,1600.0,718,SP,1.154025379557,0.5756,9250,6821,11808.26,1572.58,9342.96,4037.88
E1785N3150,2380.0,718,SP,0.524525153664,0.749,17906,6001,4721.86,3043.95,18084.64,-10318.83
E1785N3155,1865.0,718,SP,0.479815444263,0.7653,14338,4396,3163.91,2437.43,14481.23,-8879.88
E1785N3160,1265.0,E1790N3150,APL,1.1979225165869998,0.6514,8277,4430,7959.89,1407.1,8359.83,1007.16
E1785N3165,1425.0,1204,SP,1.0450541143500005,0.5996,8583,5731,8984.46,1459.05,8668.49,1775.02
E1785N3170,2030.0,2155,SP,0.364699487267,0.811,16537,3854,2108.28,2811.35,16702.74,-11783.11
E1785N3175,1215.0,2155,SP,0.393380933853,0.7991,9753,2452,1446.63,1658.01,9850.55,-6745.9
E1785N3180,670.0,E1790N3185,APL,1.0735505359189998,0.6821,4591,2140,3445.43,780.39,4636.45,-410.62
E1785N3185,440.0,E1790N3185,APL,0.6955259041999999,0.7962,3519,901,939.95,598.2,3554.03,-2015.87
E1785N3190,275.0,5820,SP,1.1075578911,0.5856,1618,1145,1901.9,274.99,1633.74,543.14
E1785N3195,90.0,E1795N3205,APL,2.0232331269420003,0.5016,453,451,1367.54,77.08,457.97,986.66
E1785N3200,30.0,E1795N3205,APL,1.610103392045,0.5668,171,131,315.27,29.04,172.52,171.79
E1785N3220,15.0,E1795N3220,APL,1.9422320859339999,0.5131,77,73,213.71,13.14,78.09,148.77
E1790N3130,915.0,E1785N3130,APL,0.708424183177,0.7916,7276,1915,2035.03,1236.93,7348.83,-4076.86
E1790N3135,490.0,E1790N3140,APL,0.44725057743,0.8944,4402,520,348.73,748.38,4446.24,-3349.13
E1790N3140,25.0,E1790N3140,APL,0.0,1.0,251,0,0.0,42.69,253.64,-210.94
E1790N3145,100.0,E1790N3150,APL,0.35402920140000005,0.9378,942,62,33.16,160.15,951.48,-758.17
E1790N3150,100.0,E1790N3150,APL,0.0,1.0,1004,0,0.0,170.76,1014.54,-843.78
E1790N3155,675.0,E1790N3140,APL,1.6772748732109999,0.5551,3764,3017,7589.81,639.82,3801.27,4428.37
E1790N3160,975.0,1204,SP,0.25458551694,0.8601,8424,1370,523.3,1432.0,8507.74,-6552.44
E1790N3165,1560.0,1204,SP,0.2175694142,0.8779,13757,1913,624.2,2338.77,13895.07,-10932.09
E1790N3170,1040.0,1204,SP,0.949536743434,0.6224,6502,3945,5618.86,1105.3,6566.8,157.36
E1790N3175,630.0,E1795N3175,APL,0.818101746938,0.7552,4779,1549,1901.04,812.46,4826.97,-2113.47
E1790N3180,195.0,E1790N3185,APL,0.94577292331,0.7168,1404,555,786.96,238.69,1418.09,-392.44
E1790N3185,1005.0,5820,SP,0.675187840175,0.6986,7052,3043,3081.64,1198.92,7122.97,-2842.42
E1790N3190,1300.0,5820,SP,0.20150338351,0.8859,11569,1490,450.24,1966.7,11684.54,-9267.59
E1790N3195,1190.0,5820,SP,0.5030193484719999,0.7568,9046,2908,2193.88,1537.8,9136.36,-5404.67
E1790N3200,65.0,E1795N3220,APL,3.81674085036,0.3344,218,435,2488.02,37.12,220.53,2304.61
E1790N3205,30.0,E1795N3205,APL,1.032063241055,0.693,209,93,143.23,35.5,210.92,-32.19
E1790N3210,5.0,E1795N3220,APL,1.41279556305,0.6044,30,20,42.11,5.16,30.66,16.61
E1790N3215,70.0,E1795N3220,APL,0.9394087203199999,0.7186,505,198,278.79,85.9,510.35,-145.66
E1790N3220,160.0,E1805N3220,APL,2.5090863551130007,0.4417,710,897,3376.82,120.7,717.07,2780.44
E1795N3130,85.0,E1790N3140,APL,1.2578882669000002,0.6375,544,309,583.92,92.54,549.79,126.67
E1795N3135,75.0,E1790N3140,APL,1.1467374651460003,0.6637,500,253,435.83,85.0,505.0,15.83
E1795N3160,70.0,1204,SP,0.50477804588,0.7561,532,171,129.85,90.38,536.98,-316.75
E1795N3165,420.0,1204,SP,0.63405736898,0.7117,3002,1216,1156.97,510.41,3032.44,-1365.07
E1795N3170,340.0,E1795N3175,APL,0.40599077009999995,0.9131,3119,297,180.71,530.15,3149.73,-2438.86
E1795N3175,250.0,E1795N3175,APL,0.0,1.0,2511,0,0.0,426.91,2536.35,-2109.44
E1795N3180,5.0,E1795N3175,APL,0.4593114287219999,0.8891,45,6,3.84,7.59,45.1,-33.67
E1795N3185,665.0,5820,SP,1.052641463486,0.5979,3994,2686,4241.52,678.92,4033.57,886.87
E1795N3190,865.0,5820,SP,0.6756571067660001,0.6984,6069,2620,2655.49,1031.69,6129.44,-2442.26
E1795N3195,530.0,5820,SP,0.955803942045,0.6208,3305,2019,2894.17,561.88,3338.22,117.82
E1795N3200,40.0,E1775N3190,APL,4.267666057984999,0.3086,124,278,1778.47,21.08,125.22,1674.33
E1795N3205,955.0,E1795N3205,APL,0.0,1.0,9593,0,0.0,1630.8,9688.88,-8058.07
E1795N3210,385.0,E1795N3210,APL,0.0,1.0,3867,0,0.0,657.44,3905.99,-3248.54
E1795N3215,120.0,E1795N3205,APL,3.0489326288319996,0.3901,470,735,3362.45,79.93,474.88,2967.51
E1795N3220,475.0,E1795N3220,APL,0.0,1.0,4771,0,0.0,811.13,4819.07,-4007.94
E1800N3160,75.0,1204,SP,1.9345494939500003,0.4472,337,416,1208.52,57.27,340.27,925.53
E1800N3165,25.0,1204,SP,1.5781057572600004,0.4979,125,126,298.47,21.26,126.29,193.44
E1800N3205,130.0,5820,SP,2.326695208484999,0.4021,525,781,2724.77,89.27,530.37,2283.67
E1800N3210,110.0,E1810N3220,APL,1.7959150992039994,0.5355,592,513,1382.67,100.59,597.6,885.66
E1800N3215,720.0,E1795N3220,APL,1.1051423273999998,0.674,4875,2358,3908.27,828.71,4923.5,-186.53
E1800N3220,1125.0,E1795N3210,APL,1.4917514050200003,0.5888,6653,4647,10398.61,1131.08,6719.97,4809.72
E1800N3225,20.0,E1795N3220,APL,1.20750762425,0.6491,130,70,127.67,22.17,131.71,18.13
E1805N3150,15.0,E1815N3150,APL,1.568085752955,0.5744,87,64,150.83,14.71,87.42,78.12
E1805N3160,95.0,E1815N3150,APL,1.652869437923,0.5593,534,421,1042.69,90.73,539.05,594.37
E1805N3165,10.0,E1810N3160,APL,1.2687565429129999,0.6351,64,37,69.76,10.85,64.43,16.17
E1805N3175,15.0,E1795N3175,APL,1.71621812728,0.5485,83,68,175.13,14.05,83.47,105.71
E1805N3185,15.0,E1795N3175,APL,2.438218349251,0.4496,68,83,303.33,11.52,68.42,246.43
E1805N3210,185.0,E1810N3220,APL,1.605836777458,0.5676,1055,804,1935.59,179.31,1065.3,1049.6
E1805N3215,1115.0,E1810N3220,APL,0.859181516413,0.7424,8315,2885,3718.22,1413.56,8398.21,-3266.43
E1805N3220,945.0,E1805N3220,APL,0.0,1.0,9492,0,0.0,1613.72,9587.42,-7973.7
E1810N3125,100.0,E1815N3150,APL,2.765937758452,0.4155,417,587,2435.74,70.96,421.59,2085.11
E1810N3130,25.0,E1815N3150,APL,2.5649055808199996,0.4358,109,142,545.13,18.6,110.53,453.21
E1810N3150,200.0,E1815N3150,APL,0.739093851855,0.7811,1569,440,487.54,266.77,1584.92,-830.61
E1810N3155,850.0,E1810N3160,APL,0.5939453252,0.8336,7118,1421,1265.65,1209.99,7188.78,-4713.13
E1810N3160,230.0,E1810N3160,APL,0.0,1.0,2310,0,0.0,392.76,2333.45,-1940.69
E1810N3170,150.0,E1810N3160,APL,1.9542332465,0.5114,771,736,2158.07,130.99,778.25,1510.82
E1810N3185,10.0,E1795N3175,APL,2.352044679321,0.4595,46,54,191.56,7.85,46.61,152.8
E1810N3190,5.0,5820,SP,3.1645502056700003,0.3309,17,34,159.52,2.83,16.79,145.56
E1810N3195,10.0,5820,SP,2.6603034770150003,0.3704,37,63,252.38,6.32,37.58,221.13
E1810N3210,80.0,E1810N3220,APL,1.2133550055,0.6478,521,283,515.17,88.49,525.75,77.91
E1810N3215,815.0,E1810N3215,APL,0.0,1.0,8187,0,0.0,1391.73,8268.52,-6876.79
E1810N3220,265.0,E1810N3215,APL,0.80950467798,0.7579,2018,644,782.4,342.99,2037.75,-912.35
E1815N3130,290.0,E1815N3150,APL,2.2570619773200002,0.4709,1372,1541,5218.43,233.19,1385.39,4066.22
E1815N3135,10.0,E1815N3150,APL,1.84177738158,0.5283,53,47,130.91,9.02,53.6,86.33
E1815N3150,645.0,E1820N3150,APL,0.44950859649999997,0.8934,5788,691,465.74,984.0,5846.14,-4396.39
E1815N3155,620.0,E1815N3150,APL,0.65400894587,0.8111,5051,1177,1154.4,858.69,5101.65,-3088.55
E1815N3165,10.0,E1810N3160,APL,1.20509522245,0.6497,65,35,63.61,11.09,65.91,8.79
E1815N3170,125.0,E1810N3160,APL,1.9742837645590003,0.5085,638,617,1827.62,108.54,644.86,1291.3
E1815N3175,65.0,E1795N3175,APL,3.204434567283,0.3773,246,407,1954.13,41.88,248.84,1747.18
E1815N3185,5.0,E1795N3175,APL,3.5994410781330006,0.3485,18,33,176.67,2.98,17.68,161.97
E1815N3190,10.0,E1795N3175,APL,3.471411572221,0.3573,36,65,336.15,6.1,36.25,305.99
E1815N3210,45.0,E1805N3220,APL,2.31811735042,0.4635,209,243,843.3,35.61,211.59,667.32
E1815N3215,90.0,E1810N3215,APL,0.9430362875899999,0.7176,649,255,361.16,110.28,655.22,-183.77
E1820N3150,475.0,E1820N3150,APL,0.0,1.0,4771,0,0.0,811.13,4819.07,-4007.94
E1820N3215,55.0,E1810N3220,APL,1.63146413428,0.563,311,241,590.78,52.88,314.17,329.49
