cbs_square,population,assigned_sp,dist_km,pickup_probability,annual_pickups,annual_deliveries,delivery_cost,storage_cost,pickup_savings,net_assignment_cost
E1725N3170,175.0,2075,0.887691584161,0.6373,1120,638,848.86,190.46,1131.57,-92.25
E1730N3160,435.0,1379,0.6129818525199998,0.7179,3137,1233,1133.33,533.29,3168.35,-1501.73
E1730N3165,1815.0,1379,0.6311730379099998,0.712,12980,5252,4971.92,2206.62,13109.91,-5931.37
E1730N3170,1975.0,2075,0.529234782394,0.7467,14813,5025,3989.36,2518.29,14961.63,-8453.97
E1730N3175,140.0,2075,0.6581016289299999,0.7033,989,417,411.87,168.14,998.96,-418.94
E1730N3185,90.0,6908,1.09868012779,0.5868,530,374,615.67,90.18,535.77,170.08
E1730N3190,1050.0,6908,0.48425028952,0.7631,8049,2498,1814.77,1368.3,8129.31,-4946.24
E1735N3155,630.0,1379,1.3513802175659997,0.5358,3391,2937,5954.25,576.46,3424.87,3105.85
E1735N3160,650.0,1379,0.78246674575,0.666,4348,2181,2559.76,739.21,4391.78,-1092.8
E1735N3165,1895.0,1379,0.155907074,0.9091,17306,1729,404.46,2941.98,17478.8,-14132.37
E1735N3170,1480.0,2075,0.3895548352899999,0.8002,11896,2971,1735.76,2022.33,12015.02,-8256.93
E1735N3175,855.0,1739,2.0781994243700006,0.4288,3683,4906,15292.78,626.05,3719.5,12199.34
E1735N3180,810.0,6908,2.49144607576,0.3851,3133,5003,18698.69,532.61,3164.32,16066.98
E1735N3185,295.0,6908,1.76395418624,0.4693,1391,1573,4160.77,236.43,1404.66,2992.54
E1735N3190,1860.0,6908,0.36161629138,0.8118,15168,3516,1907.08,2578.53,15319.48,-10833.88
E1735N3195,480.0,6908,0.48364320062,0.7633,3681,1141,827.78,625.69,3717.36,-2263.89
E1740N3155,305.0,1739,2.728443660202,0.3638,1115,1949,7977.44,189.47,1125.66,7041.25
E1740N3160,705.0,1379,1.39873931494,0.5273,3734,3348,7024.04,634.76,3771.25,3887.55
E1740N3165,845.0,2075,1.24256874889,0.5566,4725,3763,7014.09,803.21,4772.03,3045.28
E1740N3170,1355.0,2075,1.10842113257,0.5846,7957,5654,9399.92,1352.74,8036.87,2715.8
E1740N3175,835.0,2075,1.599094016404,0.4938,4142,4246,10183.64,704.13,4183.38,6704.4
E1740N3180,745.0,3513,1.5427257033,0.5028,3763,3721,8610.36,639.65,3800.28,5449.73
E1740N3185,1595.0,6908,1.3693304112400002,0.5326,8532,7489,15382.94,1450.52,8617.77,8215.69
E1740N3190,1790.0,3513,0.56312258168,0.7348,13212,4769,4028.2,2245.97,13343.73,-7069.55
E1740N3195,845.0,6908,1.2645466870200002,0.5523,4688,3800,7207.89,796.96,4734.89,3269.95
E1745N3145,15.0,1739,2.905229093426,0.3494,53,98,427.21,8.95,53.17,382.99
E1745N3150,10.0,1739,2.820115287256,0.3562,36,65,273.58,6.08,36.13,243.53
E1745N3155,10.0,1379,2.0849327238320003,0.428,43,57,179.69,7.31,43.42,143.58
E1745N3160,120.0,1739,1.782652450567,0.4667,563,643,1718.92,95.64,568.19,1246.36
E1745N3165,1135.0,1739,0.8958308500120001,0.6352,7242,4159,5588.28,1231.19,7314.73,-495.26
E1745N3170,3090.0,1739,0.3055467718099999,0.8362,25955,5084,2329.88,4412.42,26214.99,-19472.69
E1745N3175,890.0,1739,0.92902516685,0.6268,5603,3337,4649.91,952.55,5659.29,-56.82
E1745N3180,1460.0,8282,0.5831110347599999,0.7279,10675,3990,3490.1,1814.83,10782.2,-5477.28
E1745N3185,1255.0,3513,0.90796250093,0.6321,7969,4638,6316.4,1354.67,8048.34,-377.26
E1745N3190,1245.0,3513,0.27682570412,0.8493,10621,1885,782.6,1805.62,10727.5,-8139.28
E1745N3195,125.0,3513,1.4137515799799998,0.5246,659,597,1265.85,111.98,665.29,712.54
E1745N3200,45.0,3513,1.4137515799799998,0.5246,237,215,455.71,40.31,239.5,256.52
E1750N3145,5.0,4387,2.662653098049,0.3694,19,32,126.49,3.15,18.74,110.9
E1750N3150,15.0,4387,2.043403943449,0.4329,65,85,261.89,11.09,65.88,207.1
E1750N3160,150.0,1739,1.311608932406,0.5433,819,688,1353.96,139.15,826.74,666.37
E1750N3165,765.0,4440,1.041931273971,0.5996,4607,3077,4809.2,783.24,4653.37,939.08
E1750N3170,2395.0,8282,0.8359319423699999,0.6511,15664,8393,10524.5,2662.93,15820.92,-2633.49
E1750N3175,2685.0,8282,0.6069757598700001,0.7199,19416,7554,6877.97,3300.79,19610.55,-9431.79
E1750N3180,890.0,4440,1.0624401574659998,0.5949,5318,3622,5771.95,904.09,5371.38,1304.67
E1750N3185,920.0,3513,1.42079878638,0.5234,4837,4405,9387.53,822.22,4884.93,5324.81
E1750N3190,655.0,3513,0.97614443044,0.6151,4047,2532,3707.87,688.01,4087.6,308.28
E1750N3195,55.0,3513,1.22650472898,0.5599,309,243,447.37,52.58,312.4,187.56
E1750N3205,15.0,3513,2.19168509116,0.4158,63,88,289.37,10.65,63.28,236.74
E1750N3210,60.0,3155,2.9248086605629995,0.3479,210,393,1724.39,35.64,211.75,1548.29
E1755N3155,80.0,4387,1.560155145219,0.5,402,402,940.33,68.3,405.8,602.83
E1755N3160,255.0,4387,1.0810609158649995,0.5907,1513,1048,1700.17,257.21,1528.14,429.24
E1755N3165,800.0,4440,1.111485735173,0.584,4693,3343,5574.1,797.75,4739.57,1632.28
E1755N3170,1200.0,4440,0.350476720694,0.8166,9843,2211,1162.47,1673.27,9941.16,-7105.42
E1755N3175,2705.0,4440,0.424656822457,0.786,21358,5814,3703.26,3630.84,21571.49,-14237.39
E1755N3180,1290.0,3155,1.213542372246,0.5625,7288,5670,10320.36,1239.04,7361.34,4198.06
E1755N3185,5.0,3155,1.616223793432,0.4912,25,26,61.96,4.19,24.92,41.24
E1755N3190,15.0,3155,1.030048094762,0.6023,91,60,92.58,15.43,91.66,16.35
E1755N3195,20.0,3155,1.41071866103,0.5251,105,95,201.87,17.93,106.55,113.25
E1755N3200,35.0,3155,2.001531501163,0.438,154,198,593.18,26.18,155.54,463.82
E1755N3205,65.0,3155,2.089439134603,0.4275,279,374,1171.6,47.45,281.9,937.15
E1755N3210,355.0,3921,0.90625839972,0.6325,2256,1310,1781.24,383.46,2278.19,-113.49
E1760N3150,5.0,4387,1.748284801739,0.4716,24,27,69.6,4.03,23.92,49.71
E1760N3160,390.0,4387,0.82254021788,0.6548,2565,1352,1668.66,436.07,2590.75,-486.02
E1760N3165,1570.0,4387,0.2602947832,0.857,13516,2255,880.47,2297.64,13650.7,-10472.59
E1760N3170,1155.0,4387,0.8297835127430001,0.6528,7574,4028,5013.97,1287.51,7649.34,-1347.86
E1760N3175,1885.0,4387,1.3086885921129998,0.5438,10297,8638,16956.3,1750.48,10399.93,8306.85
E1760N3180,2590.0,3155,0.8132632323429999,0.6573,17101,8915,10875.38,2907.25,17272.47,-3489.84
E1760N3185,385.0,3155,1.7928530033669998,0.4653,1799,2068,5561.19,305.9,1817.4,4049.69
E1760N3190,1150.0,3155,0.5241386320150001,0.7485,8647,2905,2283.97,1469.93,8733.14,-4979.23
E1760N3195,145.0,3155,0.9105520370029998,0.6314,920,537,733.18,156.35,928.91,-39.38
E1760N3200,30.0,3921,0.6901145481,0.6933,209,92,95.67,35.52,211.02,-79.83
E1760N3205,805.0,3921,0.22608444067,0.8734,7063,1024,347.1,1200.66,7133.3,-5585.54
E1760N3210,450.0,3921,0.4525294307599999,0.7752,3504,1016,689.91,595.66,3538.9,-2253.34
E1765N3135,15.0,4387,3.3899218688039996,0.3152,47,103,524.69,8.07,47.96,484.81
E1765N3150,75.0,4387,2.29223675674,0.405,305,448,1541.35,51.87,308.14,1285.07
E1765N3155,90.0,4387,1.4811183363800002,0.513,464,440,978.18,78.84,468.39,588.63
E1765N3160,520.0,4387,1.2979355451700003,0.5459,2851,2372,4618.36,484.71,2879.74,2223.33
E1765N3165,965.0,4387,1.03155158986,0.602,5835,3858,5970.06,991.97,5893.44,1068.59
E1765N3170,450.0,3155,1.95012963435,0.4444,2009,2511,7345.96,341.52,2029.05,5658.43
E1765N3175,1615.0,4431,0.6862857842269999,0.6945,11266,4956,5102.06,1915.29,11379.09,-4361.74
E1765N3180,765.0,4431,1.653778961834,0.4854,3730,3954,9809.16,634.13,3767.46,6675.82
E1765N3185,35.0,3155,0.901768728046,0.6337,223,129,174.2,37.87,225.02,-12.95
E1765N3190,140.0,3155,1.042628035456,0.5994,843,563,881.06,143.3,851.37,172.99
E1765N3195,5.0,3921,1.8475521000850004,0.4578,23,27,75.47,3.91,23.22,56.15
E1765N3205,55.0,3921,0.488422753662,0.7616,421,132,96.51,71.53,424.95,-256.92
E1765N3215,5.0,3921,1.041411722862,0.5997,30,20,31.41,5.12,30.42,6.11
E1770N3145,340.0,753,1.76629602673,0.469,1602,1814,4804.82,272.3,1617.79,3459.33
E1770N3150,555.0,753,1.1795198783600005,0.5695,3175,2400,4246.77,539.69,3206.42,1580.05
E1770N3155,705.0,753,0.71068214187,0.687,4865,2216,2362.72,827.1,4913.97,-1724.15
E1770N3160,750.0,753,2.1683336406700007,0.4184,3152,4381,14250.54,535.89,3183.84,11602.59
E1770N3165,235.0,4987,0.803154587186,0.6601,1558,802,966.5,264.91,1573.9,-342.48
E1770N3170,2785.0,4987,0.2042474278959999,0.8842,24737,3239,992.21,4205.23,24984.02,-19786.58
E1770N3175,2235.0,4431,0.235470954364,0.8689,19506,2944,1039.92,3316.07,19701.35,-15345.37
E1770N3180,1510.0,4431,0.6259054678699999,0.7137,10825,4343,4077.47,1840.23,10933.15,-5015.45
E1770N3185,70.0,7859,1.1810332916460002,0.5691,400,303,536.71,68.03,404.19,200.55
E1770N3190,305.0,7859,0.3265015314,0.8269,2533,530,259.68,430.69,2558.82,-1868.45
E1770N3195,545.0,7859,0.2677327426199999,0.8535,4673,802,322.04,794.34,4719.34,-3602.95
E1775N3140,95.0,753,1.83037155259,0.4601,439,515,1414.45,74.65,443.49,1045.61
E1775N3145,1000.0,753,1.43329440616,0.5212,5235,4810,10340.75,889.98,5287.54,5943.2
E1775N3150,1210.0,753,0.5949164611,0.7239,8799,3355,2994.29,1495.83,8886.98,-4396.86
E1775N3155,805.0,753,0.0,1.0,8086,0,0.0,1374.65,8167.06,-6792.41
E1775N3160,845.0,753,0.962819866193,0.6184,5249,3239,4678.32,892.28,5301.17,269.42
E1775N3165,850.0,4987,1.778850738116,0.4672,3989,4549,12137.6,678.19,4029.26,8786.53
E1775N3170,2275.0,4987,0.959146693046,0.6193,14152,8701,12517.77,2405.78,14293.19,630.37
E1775N3175,1355.0,7229,0.6090001489299999,0.7192,9789,3821,3490.94,1664.2,9887.33,-4732.19
E1775N3180,1325.0,7229,0.7678525062379999,0.6702,8919,4390,5056.43,1516.31,9008.67,-2435.93
E1775N3185,1210.0,7229,1.1616505119579996,0.5732,6967,5188,9039.28,1184.36,7036.47,3187.17
E1775N3190,1225.0,7859,0.8427778909499999,0.6493,7989,4316,5456.04,1358.16,8069.06,-1254.87
E1775N3195,955.0,7859,0.7452872881999999,0.6767,6492,3101,3467.0,1103.59,6556.6,-1986.01
E1775N3200,20.0,7859,0.824981500745,0.6541,131,69,85.99,22.34,132.72,-24.39
E1780N3130,85.0,753,3.24447040328,0.3247,277,577,2806.05,47.13,280.01,2573.17
E1780N3135,35.0,753,2.9266022604,0.3477,122,229,1006.73,20.78,123.47,904.04
E1780N3140,145.0,417,2.14742235296,0.4208,613,844,2717.46,104.19,619.01,2202.64
E1780N3145,95.0,753,1.66750149435,0.4834,461,493,1233.16,78.41,465.87,845.71
E1780N3150,405.0,417,1.26369739453,0.5525,2248,1821,3451.07,382.09,2270.07,1563.09
E1780N3155,290.0,753,1.24087975269,0.557,1622,1291,2402.11,275.82,1638.72,1039.21
E1780N3160,205.0,753,1.6571382834930002,0.4849,999,1061,2636.53,169.75,1008.53,1797.76
E1780N3165,140.0,7229,3.842685000308,0.2888,406,1000,5765.31,69.03,410.13,5424.21
E1780N3170,605.0,7229,0.855276843308,0.6459,3925,2152,2760.77,667.29,3964.51,-536.44
E1780N3175,2155.0,2155,0.8492542599169999,0.6475,14017,7630,9720.06,2382.83,14156.81,-2053.92
E1780N3180,2305.0,7229,1.074822008449,0.5921,13709,9445,15227.28,2330.5,13845.9,3711.87
E1780N3185,130.0,7859,2.148725002401,0.4206,549,757,2438.45,93.38,554.78,1977.04
E1780N3190,945.0,7859,1.494070711336,0.5108,4849,4644,10407.01,824.3,4897.29,6334.02
E1780N3195,675.0,7859,1.653292622723,0.4855,3292,3489,8651.36,559.61,3324.73,5886.23
E1780N3200,15.0,7859,2.0452827771999997,0.4327,65,85,262.24,11.08,65.85,207.47
E1780N3220,10.0,7859,3.7593549646240008,0.2933,29,71,400.32,5.01,29.75,375.57
E1785N3125,125.0,417,3.20063221801,0.3277,411,844,4052.76,69.95,415.58,3707.13
E1785N3130,320.0,417,2.4095526837800003,0.393,1263,1951,7052.03,214.75,1275.89,5990.9
E1785N3140,10.0,417,1.07719255344,0.5915,59,41,66.29,10.1,60.02,16.38
E1785N3145,1600.0,417,0.30920197183,0.8346,13413,2659,1233.03,2280.28,13547.56,-10034.25
E1785N3150,2380.0,417,0.5885898855,0.7261,17358,6549,5781.98,2950.87,17531.65,-8798.8
E1785N3155,1865.0,931,0.456488513973,0.7736,14493,4241,2903.82,2463.82,14638.0,-9270.36
E1785N3160,1265.0,931,0.335546177923,0.823,10458,2249,1132.1,1777.79,10562.19,-7652.29
E1785N3165,1425.0,931,1.117648330823,0.5826,8340,5975,10016.16,1417.72,8422.93,3010.96
E1785N3170,2030.0,2155,0.364699487267,0.8105,16528,3864,2113.63,2809.69,16692.87,-11769.55
E1785N3175,1215.0,2155,0.393380933853,0.7986,9747,2458,1450.25,1656.97,9844.36,-6737.14
E1785N3180,670.0,2155,1.0773377831829998,0.5915,3981,2749,4442.65,676.77,4020.78,1098.64
E1785N3185,440.0,2096,2.4532900846429997,0.3887,1718,2702,9942.21,292.07,1735.23,8499.05
E1785N3190,275.0,5820,1.1075578911,0.5848,1615,1147,1905.38,274.63,1631.63,548.38
E1785N3195,90.0,5820,2.588144400867,0.3761,340,564,2189.77,57.8,343.4,1904.18
E1785N3200,30.0,7859,2.602787655842999,0.3748,113,188,735.61,19.2,114.06,640.75
E1785N3220,15.0,7859,4.191575892274,0.2712,41,110,690.39,6.95,41.28,656.06
E1790N3130,915.0,417,2.1845989630269997,0.4166,3829,5362,17570.81,650.95,3867.41,14354.35
E1790N3135,490.0,417,1.37948166275,0.5307,2612,2310,4779.56,444.07,2638.32,2585.31
E1790N3140,25.0,417,0.93223108532,0.626,157,94,131.35,26.72,158.76,-0.69
E1790N3145,100.0,417,0.2612232679,0.8566,860,144,56.45,146.27,869.03,-666.3
E1790N3150,100.0,417,0.6152524693,0.7172,720,284,262.2,122.47,727.6,-342.93
E1790N3155,675.0,931,0.8944140238210001,0.6356,4310,2471,3314.84,732.63,4352.68,-305.22
E1790N3160,975.0,931,1.009992072053,0.607,5945,3849,5830.93,1010.65,6004.46,837.12
E1790N3165,1560.0,2096,1.218838178906,0.5614,8797,6873,12565.61,1495.52,8885.13,5176.0
E1790N3170,1040.0,2096,0.3998378745100001,0.796,8316,2131,1278.22,1413.64,8398.69,-5706.82
E1790N3175,630.0,2096,0.649235895898,0.7061,4469,1860,1811.05,759.67,4513.34,-1942.62
E1790N3180,195.0,2096,1.3533737706859996,0.5355,1049,910,1847.16,178.31,1059.35,966.11
E1790N3185,1005.0,2096,1.7577641804429998,0.4702,4747,5348,14101.77,806.96,4794.29,10114.43
E1790N3190,1300.0,2096,2.4301784629929992,0.391,5105,7953,28990.82,867.93,5156.51,24702.23
E1790N3195,1190.0,5820,0.5030193484719999,0.7562,9039,2914,2199.07,1536.63,9129.41,-5393.7
E1790N3200,65.0,5820,6.7870033462100015,0.1869,122,531,5404.75,20.75,123.25,5302.24
E1790N3205,30.0,5820,2.416006447955,0.3924,118,183,663.6,20.1,119.42,564.28
E1790N3210,5.0,5820,3.242451529045999,0.3248,16,34,164.93,2.77,16.48,151.22
E1790N3215,70.0,7859,3.7833664887,0.292,205,498,2825.37,34.9,207.34,2652.92
E1790N3220,160.0,5820,4.742571100228999,0.2475,398,1209,8603.31,67.63,401.8,8269.14
E1795N3130,85.0,417,2.1901193522199995,0.416,355,499,1638.11,60.38,358.74,1339.75
E1795N3135,75.0,417,2.0789685504659996,0.4287,323,430,1342.18,54.91,326.2,1070.88
E1795N3160,70.0,931,1.468670970203,0.5151,362,341,751.15,61.57,365.8,446.92
E1795N3165,420.0,2096,1.3839695158960004,0.5299,2236,1983,4117.18,380.05,2257.97,2239.26
E1795N3170,340.0,2096,0.4375886188,0.7809,2667,748,491.06,453.42,2693.84,-1749.36
E1795N3175,250.0,2096,0.4657152357599999,0.7701,1934,577,403.3,328.77,1953.26,-1221.19
E1795N3180,5.0,2096,0.925026664482,0.6278,32,19,25.94,5.36,31.84,-0.54
E1795N3185,665.0,5820,1.052641463486,0.5971,3989,2691,4249.45,678.06,4028.5,899.01
E1795N3190,865.0,5820,0.6756571067660001,0.6978,6063,2626,2661.28,1030.71,6123.66,-2431.66
E1795N3195,530.0,5820,0.955803942045,0.6201,3301,2023,2899.79,561.21,3334.27,126.73
E1795N3200,40.0,7229,4.926183259640999,0.2405,97,305,2254.9,16.43,97.61,2173.72
E1795N3205,955.0,5820,2.405610274005,0.3934,3774,5819,20997.95,641.54,3811.52,17827.97
E1795N3210,385.0,5820,2.712568075571,0.3651,1412,2455,9990.02,240.05,1426.19,8803.89
E1795N3215,120.0,5820,3.1725763204149993,0.3296,397,808,3845.4,67.55,401.32,3511.63
E1795N3220,475.0,7859,4.722775209019998,0.2483,1185,3587,25408.1,201.41,1196.6,24412.91
E1800N3160,75.0,2096,1.6424055513320002,0.4871,367,386,951.87,62.39,370.67,643.59
E1800N3165,25.0,2096,1.285961814642,0.5482,138,113,218.88,23.4,139.03,103.25
E1800N3205,130.0,5820,2.326695208484999,0.4014,524,782,2728.19,89.1,529.38,2287.91
E1800N3210,110.0,5820,4.403416078994001,0.2616,289,816,5389.05,49.14,291.95,5146.24
E1800N3215,720.0,5820,3.676147511301,0.2979,2155,5078,27998.91,366.32,2176.34,26188.89
E1800N3220,1125.0,5820,4.204319480591001,0.2706,3058,8242,51979.38,519.92,3088.96,49410.35
E1800N3225,20.0,5820,4.1777701201,0.2719,55,146,916.67,9.29,55.17,870.78
E1805N3150,15.0,657,1.440998545225,0.5198,78,72,156.38,13.32,79.11,90.59
E1805N3160,95.0,657,1.370152927033,0.5324,508,446,917.07,86.37,513.14,490.3
E1805N3165,10.0,657,1.808502483573,0.4631,47,54,146.3,7.91,46.99,107.22
E1805N3175,15.0,2096,1.7478159759799998,0.4716,71,80,208.72,12.08,71.77,149.03
E1805N3185,15.0,2096,2.903933585011,0.3495,53,98,426.95,8.95,53.18,382.72
E1805N3210,185.0,5820,3.7783432333450007,0.2922,543,1315,7454.23,92.32,548.49,6998.06
E1805N3215,1115.0,5820,4.603707769481999,0.2531,2835,8365,57767.53,481.91,2863.13,55386.32
E1805N3220,945.0,5820,4.593866439355999,0.2535,2406,7086,48828.79,409.09,2430.48,46807.4
E1810N3125,100.0,657,3.4658033598619995,0.3104,312,693,3601.11,53.01,314.92,3339.2
E1810N3130,25.0,657,3.264771182229999,0.3233,81,170,832.15,13.8,82.01,763.95
E1810N3150,200.0,657,0.6120066441249999,0.7182,1443,566,519.65,245.3,1457.37,-692.42
E1810N3155,850.0,657,0.55216127545,0.7386,6306,2232,1848.63,1072.06,6369.29,-3448.6
E1810N3160,230.0,657,0.8449316563999999,0.6487,1499,812,1028.72,254.77,1513.65,-230.16
E1810N3170,150.0,2096,2.5426874974910008,0.3802,573,934,3561.57,97.4,578.67,3080.31
E1810N3185,10.0,2096,2.817759915081,0.3564,36,65,273.27,6.09,36.15,243.2
E1810N3190,5.0,5820,3.1645502056700003,0.3302,17,34,159.69,2.82,16.75,145.76
E1810N3195,10.0,5820,2.6603034770150003,0.3697,37,63,252.67,6.31,37.5,221.48
E1810N3210,80.0,5820,4.409946490042,0.2613,210,594,3926.64,35.7,212.09,3750.25
E1810N3215,815.0,5820,4.747072317155001,0.2473,2025,6162,43874.99,344.24,2045.21,42174.03
E1810N3220,265.0,5820,4.674743309013001,0.2502,666,1996,13995.18,113.23,672.72,13435.69
E1815N3130,290.0,657,2.95692757873,0.3454,1006,1907,8458.05,171.04,1016.16,7612.93
E1815N3135,10.0,657,2.54164298299,0.3803,38,62,237.3,6.49,38.59,205.21
E1815N3150,645.0,657,0.69986560141,0.6903,4473,2006,2106.37,760.33,4517.28,-1650.58
E1815N3155,620.0,657,0.45359377952,0.7747,4825,1403,954.51,820.25,4873.25,-3098.49
E1815N3165,10.0,657,1.88738617053,0.4525,45,55,155.69,7.73,45.91,117.51
E1815N3170,125.0,657,2.656574712639,0.37,465,791,3152.3,78.97,469.2,2762.08
E1815N3175,65.0,657,2.7387197040220004,0.3629,237,416,1708.85,40.28,239.32,1509.81
E1815N3185,5.0,2096,4.0651563138930005,0.2773,14,36,221.32,2.37,14.07,209.62
E1815N3190,10.0,2096,3.937126807981,0.2838,29,72,424.87,4.85,28.79,400.93
E1815N3210,45.0,5820,5.398807800992001,0.2242,101,351,2839.94,17.23,102.35,2754.82
E1815N3215,90.0,5820,5.4052490697249995,0.224,202,702,5688.18,34.42,204.51,5518.09
E1820N3150,475.0,657,0.92097761291,0.6288,3000,1771,2446.8,510.03,3030.2,-73.37
E1820N3215,55.0,5820,5.962881255426,0.2074,115,438,3916.76,19.48,115.71,3820.52
